Date,Day,Lot,% Capacity,Occupied,Spaces
2025-05-01 00:00:00,Thursday,LOT 2 General,72.57001647446458,881.0,1214
2025-05-01 00:00:00,Thursday,LOT 2 Premium,81.73913043478261,282.0,345
2025-05-01 00:00:00,Thursday,LOT 2 Value,10.0,2.0,20
2025-05-01 00:00:00,Thursday,LOT 3,55.788590604026844,665.0,1192
2025-05-01 00:00:00,Thursday,LOT 4 General,92.02797202797204,1316.0,1430
2025-05-01 00:00:00,Thursday,LOT 4 Premium,95.14285714285714,333.0,350
2025-05-01 00:00:00,Thursday,LOT 5,45.03484320557491,1034.0,2296
2025-05-01 00:00:00,Thursday,LOT 5 Value,60.0,12.0,20
2025-05-01 00:00:00,Thursday,LOT 6,53.777112939416604,719.0,1337
2025-05-02 00:00:00,Friday,LOT 2 General,82.04283360790774,996.0,1214
2025-05-02 00:00:00,Friday,LOT 2 Premium,75.36231884057972,260.0,345
2025-05-02 00:00:00,Friday,LOT 2 Value,25.0,5.0,20
2025-05-02 00:00:00,Friday,LOT 3,59.64765100671141,711.0,1192
2025-05-02 00:00:00,Friday,LOT 4 General,77.2027972027972,1104.0,1430
2025-05-02 00:00:00,Friday,LOT 4 Premium,95.71428571428572,335.0,350
2025-05-02 00:00:00,Friday,LOT 5,50.7404181184669,1165.0,2296
2025-05-02 00:00:00,Friday,LOT 5 Value,65.0,13.0,20
2025-05-02 00:00:00,Friday,LOT 6,55.27299925205684,739.0,1337
2025-05-03 00:00:00,Saturday,LOT 2 General,85.09060955518946,1033.0,1214
2025-05-03 00:00:00,Saturday,LOT 2 Premium,73.04347826086956,252.0,345
2025-05-03 00:00:00,Saturday,LOT 2 Value,20.0,4.0,20
2025-05-03 00:00:00,Saturday,LOT 3,58.64093959731543,699.0,1192
2025-05-03 00:00:00,Saturday,LOT 4 General,64.33566433566433,920.0,1430
2025-05-03 00:00:00,Saturday,LOT 4 Premium,90.85714285714286,318.0,350
2025-05-03 00:00:00,Saturday,LOT 5,51.829268292682926,1190.0,2296
2025-05-03 00:00:00,Saturday,LOT 5 Value,65.0,13.0,20
2025-05-03 00:00:00,Saturday,LOT 6,53.777112939416604,719.0,1337
2025-05-04 00:00:00,Sunday,LOT 2 General,76.27677100494233,926.0,1214
2025-05-04 00:00:00,Sunday,LOT 2 Premium,72.17391304347827,249.0,345
2025-05-04 00:00:00,Sunday,LOT 2 Value,20.0,4.0,20
2025-05-04 00:00:00,Sunday,LOT 3,55.45302013422819,661.0,1192
2025-05-04 00:00:00,Sunday,LOT 4 General,58.53146853146853,837.0,1430
2025-05-04 00:00:00,Sunday,LOT 4 Premium,93.14285714285714,326.0,350
2025-05-04 00:00:00,Sunday,LOT 5,48.43205574912892,1112.0,2296
2025-05-04 00:00:00,Sunday,LOT 5 Value,40.0,8.0,20
2025-05-04 00:00:00,Sunday,LOT 6,51.30890052356021,686.0,1337
2025-05-05 00:00:00,Monday,LOT 2 General,67.62767710049424,821.0,1214
2025-05-05 00:00:00,Monday,LOT 2 Premium,83.18840579710145,287.0,345
2025-05-05 00:00:00,Monday,LOT 2 Value,25.0,5.0,20
2025-05-05 00:00:00,Monday,LOT 3,50.50335570469798,602.0,1192
2025-05-05 00:00:00,Monday,LOT 4 General,80.27972027972028,1148.0,1430
2025-05-05 00:00:00,Monday,LOT 4 Premium,95.14285714285714,333.0,350
2025-05-05 00:00:00,Monday,LOT 5,41.94250871080139,963.0,2296
2025-05-05 00:00:00,Monday,LOT 5 Value,50.0,10.0,20
2025-05-05 00:00:00,Monday,LOT 6,45.0261780104712,602.0,1337
2025-05-06 00:00:00,Tuesday,LOT 2 General,64.66227347611203,785.0,1214
2025-05-06 00:00:00,Tuesday,LOT 2 Premium,82.89855072463767,286.0,345
2025-05-06 00:00:00,Tuesday,LOT 2 Value,25.0,5.0,20
2025-05-06 00:00:00,Tuesday,LOT 3,49.16107382550335,586.0,1192
2025-05-06 00:00:00,Tuesday,LOT 4 General,97.97202797202797,1401.0,1430
2025-05-06 00:00:00,Tuesday,LOT 4 Premium,96.28571428571428,337.0,350
2025-05-06 00:00:00,Tuesday,LOT 5,40.33101045296167,926.0,2296
2025-05-06 00:00:00,Tuesday,LOT 5 Value,70.0,14.0,20
2025-05-06 00:00:00,Tuesday,LOT 6,47.270007479431555,632.0,1337
2025-05-07 00:00:00,Wednesday,LOT 2 General,66.39209225700165,806.0,1214
2025-05-07 00:00:00,Wednesday,LOT 2 Premium,88.69565217391305,306.0,345
2025-05-07 00:00:00,Wednesday,LOT 2 Value,10.0,2.0,20
2025-05-07 00:00:00,Wednesday,LOT 3,53.27181208053692,635.0,1192
2025-05-07 00:00:00,Wednesday,LOT 4 General,98.46153846153848,1408.0,1430
2025-05-07 00:00:00,Wednesday,LOT 4 Premium,95.71428571428572,335.0,350
2025-05-07 00:00:00,Wednesday,LOT 5,42.900696864111495,985.0,2296
2025-05-07 00:00:00,Wednesday,LOT 5 Value,90.0,18.0,20
2025-05-07 00:00:00,Wednesday,LOT 6,51.15931189229619,684.0,1337
2025-05-08 00:00:00,Thursday,LOT 2 General,70.92257001647447,861.0,1214
2025-05-08 00:00:00,Thursday,LOT 2 Premium,84.05797101449275,290.0,345
2025-05-08 00:00:00,Thursday,LOT 2 Value,20.0,4.0,20
2025-05-08 00:00:00,Thursday,LOT 3,55.70469798657718,664.0,1192
2025-05-08 00:00:00,Thursday,LOT 4 General,87.62237762237763,1253.0,1430
2025-05-08 00:00:00,Thursday,LOT 4 Premium,93.14285714285714,326.0,350
2025-05-08 00:00:00,Thursday,LOT 5,49.041811846689896,1126.0,2296
2025-05-08 00:00:00,Thursday,LOT 5 Value,100.0,20.0,20
2025-05-08 00:00:00,Thursday,LOT 6,57.06806282722513,763.0,1337
2025-05-09 00:00:00,Friday,LOT 2 General,75.20593080724876,913.0,1214
2025-05-09 00:00:00,Friday,LOT 2 Premium,77.97101449275362,269.0,345
2025-05-09 00:00:00,Friday,LOT 2 Value,30.0,6.0,20
2025-05-09 00:00:00,Friday,LOT 3,60.90604026845637,726.0,1192
2025-05-09 00:00:00,Friday,LOT 4 General,68.46153846153847,979.0,1430
2025-05-09 00:00:00,Friday,LOT 4 Premium,91.42857142857143,320.0,350
2025-05-09 00:00:00,Friday,LOT 5,54.35540069686411,1248.0,2296
2025-05-09 00:00:00,Friday,LOT 5 Value,125.0,25.0,20
2025-05-09 00:00:00,Friday,LOT 6,59.23709798055348,792.0,1337
2025-05-10 00:00:00,Saturday,LOT 2 General,72.9818780889621,886.0,1214
2025-05-10 00:00:00,Saturday,LOT 2 Premium,72.17391304347827,249.0,345
2025-05-10 00:00:00,Saturday,LOT 2 Value,30.0,6.0,20
2025-05-10 00:00:00,Saturday,LOT 3,63.59060402684564,758.0,1192
2025-05-10 00:00:00,Saturday,LOT 4 General,51.608391608391614,738.0,1430
2025-05-10 00:00:00,Saturday,LOT 4 Premium,88.85714285714286,311.0,350
2025-05-10 00:00:00,Saturday,LOT 5,56.92508710801394,1307.0,2296
2025-05-10 00:00:00,Saturday,LOT 5 Value,145.0,29.0,20
2025-05-10 00:00:00,Saturday,LOT 6,61.25654450261781,819.0,1337
2025-05-11 00:00:00,Sunday,LOT 2 General,61.86161449752883,751.0,1214
2025-05-11 00:00:00,Sunday,LOT 2 Premium,61.15942028985507,211.0,345
2025-05-11 00:00:00,Sunday,LOT 2 Value,35.0,7.0,20
2025-05-11 00:00:00,Sunday,LOT 3,59.395973154362416,708.0,1192
2025-05-11 00:00:00,Sunday,LOT 4 General,40.6993006993007,582.0,1430
2025-05-11 00:00:00,Sunday,LOT 4 Premium,89.71428571428571,314.0,350
2025-05-11 00:00:00,Sunday,LOT 5,51.78571428571429,1189.0,2296
2025-05-11 00:00:00,Sunday,LOT 5 Value,110.00000000000001,22.0,20
2025-05-11 00:00:00,Sunday,LOT 6,64.77187733732237,866.0,1337
2025-05-12 00:00:00,Monday,LOT 2 General,60.873146622734765,739.0,1214
2025-05-12 00:00:00,Monday,LOT 2 Premium,84.34782608695653,291.0,345
2025-05-12 00:00:00,Monday,LOT 2 Value,20.0,4.0,20
2025-05-12 00:00:00,Monday,LOT 3,54.36241610738255,648.0,1192
2025-05-12 00:00:00,Monday,LOT 4 General,81.04895104895104,1159.0,1430
2025-05-12 00:00:00,Monday,LOT 4 Premium,94.85714285714286,332.0,350
2025-05-12 00:00:00,Monday,LOT 5,42.378048780487795,973.0,2296
2025-05-12 00:00:00,Monday,LOT 5 Value,95.0,19.0,20
2025-05-12 00:00:00,Monday,LOT 6,50.86013462976814,680.0,1337
2025-05-13 00:00:00,Tuesday,LOT 2 General,61.3673805601318,745.0,1214
2025-05-13 00:00:00,Tuesday,LOT 2 Premium,84.34782608695653,291.0,345
2025-05-13 00:00:00,Tuesday,LOT 2 Value,25.0,5.0,20
2025-05-13 00:00:00,Tuesday,LOT 3,55.11744966442953,657.0,1192
2025-05-13 00:00:00,Tuesday,LOT 4 General,98.18181818181819,1404.0,1430
2025-05-13 00:00:00,Tuesday,LOT 4 Premium,96.28571428571428,337.0,350
2025-05-13 00:00:00,Tuesday,LOT 5,39.89547038327526,916.0,2296
2025-05-13 00:00:00,Tuesday,LOT 5 Value,75.0,15.0,20
2025-05-13 00:00:00,Tuesday,LOT 6,49.13986537023186,657.0,1337
2025-05-14 00:00:00,Wednesday,LOT 2 General,65.32125205930808,793.0,1214
2025-05-14 00:00:00,Wednesday,LOT 2 Premium,84.34782608695653,291.0,345
2025-05-14 00:00:00,Wednesday,LOT 2 Value,40.0,8.0,20
2025-05-14 00:00:00,Wednesday,LOT 3,64.26174496644296,766.0,1192
2025-05-14 00:00:00,Wednesday,LOT 4 General,97.76223776223776,1398.0,1430
2025-05-14 00:00:00,Wednesday,LOT 4 Premium,96.57142857142857,338.0,350
2025-05-14 00:00:00,Wednesday,LOT 5,41.89895470383275,962.0,2296
2025-05-14 00:00:00,Wednesday,LOT 5 Value,95.0,19.0,20
2025-05-14 00:00:00,Wednesday,LOT 6,51.30890052356021,686.0,1337
2025-05-15 00:00:00,Thursday,LOT 2 General,69.9341021416804,849.0,1214
2025-05-15 00:00:00,Thursday,LOT 2 Premium,84.05797101449275,290.0,345
2025-05-15 00:00:00,Thursday,LOT 2 Value,50.0,10.0,20
2025-05-15 00:00:00,Thursday,LOT 3,69.37919463087249,827.0,1192
2025-05-15 00:00:00,Thursday,LOT 4 General,92.02797202797204,1316.0,1430
2025-05-15 00:00:00,Thursday,LOT 4 Premium,92.57142857142856,324.0,350
2025-05-15 00:00:00,Thursday,LOT 5,51.306620209059226,1178.0,2296
2025-05-15 00:00:00,Thursday,LOT 5 Value,125.0,25.0,20
2025-05-15 00:00:00,Thursday,LOT 6,56.245325355273,752.0,1337
2025-05-16 00:00:00,Friday,LOT 2 General,76.68863261943987,931.0,1214
2025-05-16 00:00:00,Friday,LOT 2 Premium,82.89855072463767,286.0,345
2025-05-16 00:00:00,Friday,LOT 2 Value,50.0,10.0,20
2025-05-16 00:00:00,Friday,LOT 3,75.92281879194631,905.0,1192
2025-05-16 00:00:00,Friday,LOT 4 General,78.18181818181819,1118.0,1430
2025-05-16 00:00:00,Friday,LOT 4 Premium,94.57142857142856,331.0,350
2025-05-16 00:00:00,Friday,LOT 5,56.57665505226481,1299.0,2296
2025-05-16 00:00:00,Friday,LOT 5 Value,120.0,24.0,20
2025-05-16 00:00:00,Friday,LOT 6,57.5168287210172,769.0,1337
2025-05-17 00:00:00,Saturday,LOT 2 General,78.17133443163097,949.0,1214
2025-05-17 00:00:00,Saturday,LOT 2 Premium,81.73913043478261,282.0,345
2025-05-17 00:00:00,Saturday,LOT 2 Value,60.0,12.0,20
2025-05-17 00:00:00,Saturday,LOT 3,73.65771812080537,878.0,1192
2025-05-17 00:00:00,Saturday,LOT 4 General,66.78321678321679,955.0,1430
2025-05-17 00:00:00,Saturday,LOT 4 Premium,96.0,336.0,350
2025-05-17 00:00:00,Saturday,LOT 5,56.53310104529616,1298.0,2296
2025-05-17 00:00:00,Saturday,LOT 5 Value,110.00000000000001,22.0,20
2025-05-17 00:00:00,Saturday,LOT 6,55.27299925205684,739.0,1337
2025-05-18 00:00:00,Sunday,LOT 2 General,70.92257001647447,861.0,1214
2025-05-18 00:00:00,Sunday,LOT 2 Premium,75.65217391304347,261.0,345
2025-05-18 00:00:00,Sunday,LOT 2 Value,65.0,13.0,20
2025-05-18 00:00:00,Sunday,LOT 3,64.68120805369128,771.0,1192
2025-05-18 00:00:00,Sunday,LOT 4 General,61.81818181818181,884.0,1430
2025-05-18 00:00:00,Sunday,LOT 4 Premium,91.42857142857143,320.0,350
2025-05-18 00:00:00,Sunday,LOT 5,51.87282229965157,1191.0,2296
2025-05-18 00:00:00,Sunday,LOT 5 Value,70.0,14.0,20
2025-05-18 00:00:00,Sunday,LOT 6,51.98204936424832,695.0,1337
2025-05-19 00:00:00,Monday,LOT 2 General,65.89785831960461,800.0,1214
2025-05-19 00:00:00,Monday,LOT 2 Premium,80.57971014492755,278.0,345
2025-05-19 00:00:00,Monday,LOT 2 Value,65.0,13.0,20
2025-05-19 00:00:00,Monday,LOT 3,55.20134228187919,658.0,1192
2025-05-19 00:00:00,Monday,LOT 4 General,83.98601398601399,1201.0,1430
2025-05-19 00:00:00,Monday,LOT 4 Premium,94.57142857142856,331.0,350
2025-05-19 00:00:00,Monday,LOT 5,44.207317073170735,1015.0,2296
2025-05-19 00:00:00,Monday,LOT 5 Value,90.0,18.0,20
2025-05-19 00:00:00,Monday,LOT 6,50.6357516828721,677.0,1337
2025-05-20 00:00:00,Tuesday,LOT 2 General,64.66227347611203,785.0,1214
2025-05-20 00:00:00,Tuesday,LOT 2 Premium,87.53623188405797,302.0,345
2025-05-20 00:00:00,Tuesday,LOT 2 Value,75.0,15.0,20
2025-05-20 00:00:00,Tuesday,LOT 3,55.536912751677846,662.0,1192
2025-05-20 00:00:00,Tuesday,LOT 4 General,93.84615384615384,1342.0,1430
2025-05-20 00:00:00,Tuesday,LOT 4 Premium,93.71428571428572,328.0,350
2025-05-20 00:00:00,Tuesday,LOT 5,42.46515679442508,975.0,2296
2025-05-20 00:00:00,Tuesday,LOT 5 Value,100.0,20.0,20
2025-05-20 00:00:00,Tuesday,LOT 6,51.084517576664176,683.0,1337
2025-05-21 00:00:00,Wednesday,LOT 2 General,65.15650741350906,791.0,1214
2025-05-21 00:00:00,Wednesday,LOT 2 Premium,82.6086956521739,285.0,345
2025-05-21 00:00:00,Wednesday,LOT 2 Value,75.0,15.0,20
2025-05-21 00:00:00,Wednesday,LOT 3,56.711409395973156,676.0,1192
2025-05-21 00:00:00,Wednesday,LOT 4 General,91.74825174825176,1312.0,1430
2025-05-21 00:00:00,Wednesday,LOT 4 Premium,93.71428571428572,328.0,350
2025-05-21 00:00:00,Wednesday,LOT 5,44.77351916376306,1028.0,2296
2025-05-21 00:00:00,Wednesday,LOT 5 Value,85.0,17.0,20
2025-05-21 00:00:00,Wednesday,LOT 6,50.56095736724009,676.0,1337
2025-05-22 00:00:00,Thursday,LOT 2 General,67.46293245469522,819.0,1214
2025-05-22 00:00:00,Thursday,LOT 2 Premium,77.10144927536233,266.0,345
2025-05-22 00:00:00,Thursday,LOT 2 Value,55.00000000000001,11.0,20
2025-05-22 00:00:00,Thursday,LOT 3,63.506711409395976,757.0,1192
2025-05-22 00:00:00,Thursday,LOT 4 General,80.34965034965035,1149.0,1430
2025-05-22 00:00:00,Thursday,LOT 4 Premium,96.57142857142857,338.0,350
2025-05-22 00:00:00,Thursday,LOT 5,50.2177700348432,1153.0,2296
2025-05-22 00:00:00,Thursday,LOT 5 Value,75.0,15.0,20
2025-05-22 00:00:00,Thursday,LOT 6,53.92670157068062,721.0,1337
2025-05-23 00:00:00,Friday,LOT 2 General,75.12355848434926,912.0,1214
2025-05-23 00:00:00,Friday,LOT 2 Premium,69.85507246376812,241.0,345
2025-05-23 00:00:00,Friday,LOT 2 Value,55.00000000000001,11.0,20
2025-05-23 00:00:00,Friday,LOT 3,70.80536912751678,844.0,1192
2025-05-23 00:00:00,Friday,LOT 4 General,61.67832167832168,882.0,1430
2025-05-23 00:00:00,Friday,LOT 4 Premium,95.42857142857144,334.0,350
2025-05-23 00:00:00,Friday,LOT 5,56.8815331010453,1306.0,2296
2025-05-23 00:00:00,Friday,LOT 5 Value,65.0,13.0,20
2025-05-23 00:00:00,Friday,LOT 6,61.630516080777866,824.0,1337
2025-05-24 00:00:00,Saturday,LOT 2 General,81.63097199341021,991.0,1214
2025-05-24 00:00:00,Saturday,LOT 2 Premium,75.65217391304347,261.0,345
2025-05-24 00:00:00,Saturday,LOT 2 Value,55.00000000000001,11.0,20
2025-05-24 00:00:00,Saturday,LOT 3,75.58724832214764,901.0,1192
2025-05-24 00:00:00,Saturday,LOT 4 General,56.08391608391609,802.0,1430
2025-05-24 00:00:00,Saturday,LOT 4 Premium,93.71428571428572,328.0,350
2025-05-24 00:00:00,Saturday,LOT 5,61.7595818815331,1418.0,2296
2025-05-24 00:00:00,Saturday,LOT 5 Value,100.0,20.0,20
2025-05-24 00:00:00,Saturday,LOT 6,64.69708302169035,865.0,1337
2025-05-25 00:00:00,Sunday,LOT 2 General,76.11202635914333,924.0,1214
2025-05-25 00:00:00,Sunday,LOT 2 Premium,73.62318840579711,254.0,345
2025-05-25 00:00:00,Sunday,LOT 2 Value,55.00000000000001,11.0,20
2025-05-25 00:00:00,Sunday,LOT 3,72.73489932885906,867.0,1192
2025-05-25 00:00:00,Sunday,LOT 4 General,48.6013986013986,695.0,1430
2025-05-25 00:00:00,Sunday,LOT 4 Premium,88.0,308.0,350
2025-05-25 00:00:00,Sunday,LOT 5,58.18815331010453,1336.0,2296
2025-05-25 00:00:00,Sunday,LOT 5 Value,90.0,18.0,20
2025-05-25 00:00:00,Sunday,LOT 6,59.23709798055348,792.0,1337
2025-05-26 00:00:00,Monday,LOT 2 General,55.18945634266886,670.0,1214
2025-05-26 00:00:00,Monday,LOT 2 Premium,51.30434782608696,177.0,345
2025-05-26 00:00:00,Monday,LOT 2 Value,35.0,7.0,20
2025-05-26 00:00:00,Monday,LOT 3,52.68456375838926,628.0,1192
2025-05-26 00:00:00,Monday,LOT 4 General,37.13286713286713,531.0,1430
2025-05-26 00:00:00,Monday,LOT 4 Premium,71.71428571428572,251.0,350
2025-05-26 00:00:00,Monday,LOT 5,46.77700348432055,1074.0,2296
2025-05-26 00:00:00,Monday,LOT 5 Value,55.00000000000001,11.0,20
2025-05-26 00:00:00,Monday,LOT 6,49.51383694839192,662.0,1337
2025-05-27 00:00:00,Tuesday,LOT 2 General,47.36408566721581,575.0,1214
2025-05-27 00:00:00,Tuesday,LOT 2 Premium,61.15942028985507,211.0,345
2025-05-27 00:00:00,Tuesday,LOT 2 Value,40.0,8.0,20
2025-05-27 00:00:00,Tuesday,LOT 3,41.86241610738255,499.0,1192
2025-05-27 00:00:00,Tuesday,LOT 4 General,54.26573426573427,776.0,1430
2025-05-27 00:00:00,Tuesday,LOT 4 Premium,94.57142857142856,331.0,350
2025-05-27 00:00:00,Tuesday,LOT 5,38.98083623693379,895.0,2296
2025-05-27 00:00:00,Tuesday,LOT 5 Value,45.0,9.0,20
2025-05-27 00:00:00,Tuesday,LOT 6,46.37247569184742,620.0,1337
2025-05-28 00:00:00,Wednesday,LOT 2 General,52.55354200988468,638.0,1214
2025-05-28 00:00:00,Wednesday,LOT 2 Premium,72.7536231884058,251.0,345
2025-05-28 00:00:00,Wednesday,LOT 2 Value,40.0,8.0,20
2025-05-28 00:00:00,Wednesday,LOT 3,43.95973154362416,524.0,1192
2025-05-28 00:00:00,Wednesday,LOT 4 General,67.34265734265735,963.0,1430
2025-05-28 00:00:00,Wednesday,LOT 4 Premium,93.71428571428572,328.0,350
2025-05-28 00:00:00,Wednesday,LOT 5,37.76132404181184,867.0,2296
2025-05-28 00:00:00,Wednesday,LOT 5 Value,50.0,10.0,20
2025-05-28 00:00:00,Wednesday,LOT 6,44.65220643231114,597.0,1337
2025-05-29 00:00:00,Thursday,LOT 2 General,56.75453047775947,689.0,1214
2025-05-29 00:00:00,Thursday,LOT 2 Premium,76.23188405797102,263.0,345
2025-05-29 00:00:00,Thursday,LOT 2 Value,55.00000000000001,11.0,20
2025-05-29 00:00:00,Thursday,LOT 3,44.96644295302013,536.0,1192
2025-05-29 00:00:00,Thursday,LOT 4 General,65.80419580419581,941.0,1430
2025-05-29 00:00:00,Thursday,LOT 4 Premium,91.14285714285715,319.0,350
2025-05-29 00:00:00,Thursday,LOT 5,41.15853658536585,945.0,2296
2025-05-29 00:00:00,Thursday,LOT 5 Value,40.0,8.0,20
2025-05-29 00:00:00,Thursday,LOT 6,48.541510845175765,649.0,1337
2025-05-30 00:00:00,Friday,LOT 2 General,62.191103789126856,755.0,1214
2025-05-30 00:00:00,Friday,LOT 2 Premium,75.07246376811594,259.0,345
2025-05-30 00:00:00,Friday,LOT 2 Value,60.0,12.0,20
2025-05-30 00:00:00,Friday,LOT 3,56.45973154362416,673.0,1192
2025-05-30 00:00:00,Friday,LOT 4 General,53.426573426573434,764.0,1430
2025-05-30 00:00:00,Friday,LOT 4 Premium,93.42857142857144,327.0,350
2025-05-30 00:00:00,Friday,LOT 5,45.383275261324044,1042.0,2296
2025-05-30 00:00:00,Friday,LOT 5 Value,55.00000000000001,11.0,20
2025-05-30 00:00:00,Friday,LOT 6,48.7658937920718,652.0,1337
2025-05-31 00:00:00,Saturday,LOT 2 General,64.99176276771004,789.0,1214
2025-05-31 00:00:00,Saturday,LOT 2 Premium,75.65217391304347,261.0,345
2025-05-31 00:00:00,Saturday,LOT 2 Value,70.0,14.0,20
2025-05-31 00:00:00,Saturday,LOT 3,58.13758389261745,693.0,1192
2025-05-31 00:00:00,Saturday,LOT 4 General,46.43356643356643,664.0,1430
2025-05-31 00:00:00,Saturday,LOT 4 Premium,91.14285714285715,319.0,350
2025-05-31 00:00:00,Saturday,LOT 5,46.42857142857143,1066.0,2296
2025-05-31 00:00:00,Saturday,LOT 5 Value,65.0,13.0,20
2025-05-31 00:00:00,Saturday,LOT 6,49.21465968586387,658.0,1337
2025-06-01 00:00:00,Sunday,LOT 2 General,60.70840197693575,737.0,1214
2025-06-01 00:00:00,Sunday,LOT 2 Premium,65.79710144927536,227.0,345
2025-06-01 00:00:00,Sunday,LOT 2 Value,65.0,13.0,20
2025-06-01 00:00:00,Sunday,LOT 3,52.013422818791945,620.0,1192
2025-06-01 00:00:00,Sunday,LOT 4 General,45.174825174825166,646.0,1430
2025-06-01 00:00:00,Sunday,LOT 4 Premium,93.42857142857144,327.0,350
2025-06-01 00:00:00,Sunday,LOT 5,43.292682926829265,994.0,2296
2025-06-01 00:00:00,Sunday,LOT 5 Value,55.00000000000001,11.0,20
2025-06-01 00:00:00,Sunday,LOT 6,50.71054599850411,678.0,1337
2025-06-02 00:00:00,Monday,LOT 2 General,57.66062602965404,700.0,1214
2025-06-02 00:00:00,Monday,LOT 2 Premium,81.15942028985508,280.0,345
2025-06-02 00:00:00,Monday,LOT 2 Value,45.0,9.0,20
2025-06-02 00:00:00,Monday,LOT 3,47.23154362416107,563.0,1192
2025-06-02 00:00:00,Monday,LOT 4 General,66.5034965034965,951.0,1430
2025-06-02 00:00:00,Monday,LOT 4 Premium,95.71428571428572,335.0,350
2025-06-02 00:00:00,Monday,LOT 5,39.28571428571428,902.0,2296
2025-06-02 00:00:00,Monday,LOT 5 Value,85.0,17.0,20
2025-06-02 00:00:00,Monday,LOT 6,44.05385190725505,589.0,1337
2025-06-03 00:00:00,Tuesday,LOT 2 General,58.5667215815486,711.0,1214
2025-06-03 00:00:00,Tuesday,LOT 2 Premium,84.05797101449275,290.0,345
2025-06-03 00:00:00,Tuesday,LOT 2 Value,45.0,9.0,20
2025-06-03 00:00:00,Tuesday,LOT 3,48.32214765100671,576.0,1192
2025-06-03 00:00:00,Tuesday,LOT 4 General,80.20979020979021,1147.0,1430
2025-06-03 00:00:00,Tuesday,LOT 4 Premium,94.85714285714286,332.0,350
2025-06-03 00:00:00,Tuesday,LOT 5,38.89372822299651,893.0,2296
2025-06-03 00:00:00,Tuesday,LOT 5 Value,70.0,14.0,20
2025-06-03 00:00:00,Tuesday,LOT 6,45.92370979805534,614.0,1337
2025-06-04 00:00:00,Wednesday,LOT 2 General,63.59143327841845,772.0,1214
2025-06-04 00:00:00,Wednesday,LOT 2 Premium,83.76811594202898,289.0,345
2025-06-04 00:00:00,Wednesday,LOT 2 Value,45.0,9.0,20
2025-06-04 00:00:00,Wednesday,LOT 3,48.65771812080537,580.0,1192
2025-06-04 00:00:00,Wednesday,LOT 4 General,77.55244755244756,1109.0,1430
2025-06-04 00:00:00,Wednesday,LOT 4 Premium,92.57142857142856,324.0,350
2025-06-04 00:00:00,Wednesday,LOT 5,39.85191637630662,915.0,2296
2025-06-04 00:00:00,Wednesday,LOT 5 Value,45.0,9.0,20
2025-06-04 00:00:00,Wednesday,LOT 6,47.04562453253553,629.0,1337
2025-06-05 00:00:00,Thursday,LOT 2 General,64.49752883031302,783.0,1214
2025-06-05 00:00:00,Thursday,LOT 2 Premium,75.07246376811594,259.0,345
2025-06-05 00:00:00,Thursday,LOT 2 Value,30.0,6.0,20
2025-06-05 00:00:00,Thursday,LOT 3,55.28523489932886,659.0,1192
2025-06-05 00:00:00,Thursday,LOT 4 General,67.41258741258741,964.0,1430
2025-06-05 00:00:00,Thursday,LOT 4 Premium,95.14285714285714,333.0,350
2025-06-05 00:00:00,Thursday,LOT 5,45.47038327526132,1044.0,2296
2025-06-05 00:00:00,Thursday,LOT 5 Value,50.0,10.0,20
2025-06-05 00:00:00,Thursday,LOT 6,50.86013462976814,680.0,1337
2025-06-06 00:00:00,Friday,LOT 2 General,65.07413509060956,790.0,1214
2025-06-06 00:00:00,Friday,LOT 2 Premium,68.40579710144927,236.0,345
2025-06-06 00:00:00,Friday,LOT 2 Value,60.0,12.0,20
2025-06-06 00:00:00,Friday,LOT 3,61.07382550335571,728.0,1192
2025-06-06 00:00:00,Friday,LOT 4 General,59.930069930069926,857.0,1430
2025-06-06 00:00:00,Friday,LOT 4 Premium,92.85714285714286,325.0,350
2025-06-06 00:00:00,Friday,LOT 5,50.56620209059234,1161.0,2296
2025-06-06 00:00:00,Friday,LOT 5 Value,80.0,16.0,20
2025-06-06 00:00:00,Friday,LOT 6,53.477935676888556,715.0,1337
2025-06-07 00:00:00,Saturday,LOT 2 General,73.64085667215815,894.0,1214
2025-06-07 00:00:00,Saturday,LOT 2 Premium,71.01449275362319,245.0,345
2025-06-07 00:00:00,Saturday,LOT 2 Value,65.0,13.0,20
2025-06-07 00:00:00,Saturday,LOT 3,69.5469798657718,829.0,1192
2025-06-07 00:00:00,Saturday,LOT 4 General,54.26573426573427,776.0,1430
2025-06-07 00:00:00,Saturday,LOT 4 Premium,93.14285714285714,326.0,350
2025-06-07 00:00:00,Saturday,LOT 5,53.22299651567944,1222.0,2296
2025-06-07 00:00:00,Saturday,LOT 5 Value,100.0,20.0,20
2025-06-07 00:00:00,Saturday,LOT 6,55.6469708302169,744.0,1337
2025-06-08 00:00:00,Sunday,LOT 2 General,63.426688632619445,770.0,1214
2025-06-08 00:00:00,Sunday,LOT 2 Premium,63.18840579710145,218.0,345
2025-06-08 00:00:00,Sunday,LOT 2 Value,55.00000000000001,11.0,20
2025-06-08 00:00:00,Sunday,LOT 3,66.2751677852349,790.0,1192
2025-06-08 00:00:00,Sunday,LOT 4 General,50.06993006993007,716.0,1430
2025-06-08 00:00:00,Sunday,LOT 4 Premium,86.28571428571429,302.0,350
2025-06-08 00:00:00,Sunday,LOT 5,49.95644599303135,1147.0,2296
2025-06-08 00:00:00,Sunday,LOT 5 Value,100.0,20.0,20
2025-06-08 00:00:00,Sunday,LOT 6,54.89902767389678,734.0,1337
2025-06-09 00:00:00,Monday,LOT 2 General,61.20263591433278,743.0,1214
2025-06-09 00:00:00,Monday,LOT 2 Premium,75.94202898550725,262.0,345
2025-06-09 00:00:00,Monday,LOT 2 Value,50.0,10.0,20
2025-06-09 00:00:00,Monday,LOT 3,54.61409395973155,651.0,1192
2025-06-09 00:00:00,Monday,LOT 4 General,68.04195804195804,973.0,1430
2025-06-09 00:00:00,Monday,LOT 4 Premium,95.71428571428572,335.0,350
2025-06-09 00:00:00,Monday,LOT 5,46.77700348432055,1074.0,2296
2025-06-09 00:00:00,Monday,LOT 5 Value,70.0,14.0,20
2025-06-09 00:00:00,Monday,LOT 6,52.72999252056844,705.0,1337
2025-06-10 00:00:00,Tuesday,LOT 2 General,63.67380560131796,773.0,1214
2025-06-10 00:00:00,Tuesday,LOT 2 Premium,84.92753623188406,293.0,345
2025-06-10 00:00:00,Tuesday,LOT 2 Value,35.0,7.0,20
2025-06-10 00:00:00,Tuesday,LOT 3,53.43959731543624,637.0,1192
2025-06-10 00:00:00,Tuesday,LOT 4 General,83.98601398601399,1201.0,1430
2025-06-10 00:00:00,Tuesday,LOT 4 Premium,96.28571428571428,337.0,350
2025-06-10 00:00:00,Tuesday,LOT 5,45.51393728222996,1045.0,2296
2025-06-10 00:00:00,Tuesday,LOT 5 Value,50.0,10.0,20
2025-06-10 00:00:00,Tuesday,LOT 6,50.26178010471204,672.0,1337
2025-06-11 00:00:00,Wednesday,LOT 2 General,69.35749588138385,842.0,1214
2025-06-11 00:00:00,Wednesday,LOT 2 Premium,91.30434782608697,315.0,345
2025-06-11 00:00:00,Wednesday,LOT 2 Value,55.00000000000001,11.0,20
2025-06-11 00:00:00,Wednesday,LOT 3,55.62080536912751,663.0,1192
2025-06-11 00:00:00,Wednesday,LOT 4 General,92.23776223776224,1319.0,1430
2025-06-11 00:00:00,Wednesday,LOT 4 Premium,94.57142857142856,331.0,350
2025-06-11 00:00:00,Wednesday,LOT 5,46.0801393728223,1058.0,2296
2025-06-11 00:00:00,Wednesday,LOT 5 Value,80.0,16.0,20
2025-06-11 00:00:00,Wednesday,LOT 6,51.458489154824235,688.0,1337
2025-06-12 00:00:00,Thursday,LOT 2 General,73.14662273476112,888.0,1214
2025-06-12 00:00:00,Thursday,LOT 2 Premium,84.05797101449275,290.0,345
2025-06-12 00:00:00,Thursday,LOT 2 Value,85.0,17.0,20
2025-06-12 00:00:00,Thursday,LOT 3,58.808724832214764,701.0,1192
2025-06-12 00:00:00,Thursday,LOT 4 General,77.83216783216783,1113.0,1430
2025-06-12 00:00:00,Thursday,LOT 4 Premium,90.28571428571428,316.0,350
2025-06-12 00:00:00,Thursday,LOT 5,51.306620209059226,1178.0,2296
2025-06-12 00:00:00,Thursday,LOT 5 Value,60.0,12.0,20
2025-06-12 00:00:00,Thursday,LOT 6,53.32834704562453,713.0,1337
2025-06-13 00:00:00,Friday,LOT 2 General,75.94728171334431,922.0,1214
2025-06-13 00:00:00,Friday,LOT 2 Premium,77.68115942028986,268.0,345
2025-06-13 00:00:00,Friday,LOT 2 Value,95.0,19.0,20
2025-06-13 00:00:00,Friday,LOT 3,65.18456375838926,777.0,1192
2025-06-13 00:00:00,Friday,LOT 4 General,55.59440559440559,795.0,1430
2025-06-13 00:00:00,Friday,LOT 4 Premium,94.0,329.0,350
2025-06-13 00:00:00,Friday,LOT 5,55.66202090592335,1278.0,2296
2025-06-13 00:00:00,Friday,LOT 5 Value,25.0,5.0,20
2025-06-13 00:00:00,Friday,LOT 6,54.07629020194465,723.0,1337
2025-06-14 00:00:00,Saturday,LOT 2 General,73.64085667215815,894.0,1214
2025-06-14 00:00:00,Saturday,LOT 2 Premium,71.01449275362319,245.0,345
2025-06-14 00:00:00,Saturday,LOT 2 Value,105.0,21.0,20
2025-06-14 00:00:00,Saturday,LOT 3,66.10738255033557,788.0,1192
2025-06-14 00:00:00,Saturday,LOT 4 General,41.53846153846154,594.0,1430
2025-06-14 00:00:00,Saturday,LOT 4 Premium,94.0,329.0,350
2025-06-14 00:00:00,Saturday,LOT 5,53.484320557491294,1228.0,2296
2025-06-14 00:00:00,Saturday,LOT 5 Value,40.0,8.0,20
2025-06-14 00:00:00,Saturday,LOT 6,55.79655946148093,746.0,1337
2025-06-15 00:00:00,Sunday,LOT 2 General,67.95716639209226,825.0,1214
2025-06-15 00:00:00,Sunday,LOT 2 Premium,66.66666666666666,230.0,345
2025-06-15 00:00:00,Sunday,LOT 2 Value,95.0,19.0,20
2025-06-15 00:00:00,Sunday,LOT 3,62.08053691275168,740.0,1192
2025-06-15 00:00:00,Sunday,LOT 4 General,37.06293706293706,530.0,1430
2025-06-15 00:00:00,Sunday,LOT 4 Premium,87.42857142857143,306.0,350
2025-06-15 00:00:00,Sunday,LOT 5,54.224738675958186,1245.0,2296
2025-06-15 00:00:00,Sunday,LOT 5 Value,30.0,6.0,20
2025-06-15 00:00:00,Sunday,LOT 6,53.1039640987285,710.0,1337
2025-06-16 00:00:00,Monday,LOT 2 General,65.8154859967051,799.0,1214
2025-06-16 00:00:00,Monday,LOT 2 Premium,77.97101449275362,269.0,345
2025-06-16 00:00:00,Monday,LOT 2 Value,90.0,18.0,20
2025-06-16 00:00:00,Monday,LOT 3,55.033557046979865,656.0,1192
2025-06-16 00:00:00,Monday,LOT 4 General,60.209790209790214,861.0,1430
2025-06-16 00:00:00,Monday,LOT 4 Premium,95.42857142857144,334.0,350
2025-06-16 00:00:00,Monday,LOT 5,49.52090592334495,1137.0,2296
2025-06-16 00:00:00,Monday,LOT 5 Value,35.0,7.0,20
2025-06-16 00:00:00,Monday,LOT 6,53.777112939416604,719.0,1337
2025-06-17 00:00:00,Tuesday,LOT 2 General,67.1334431630972,815.0,1214
2025-06-17 00:00:00,Tuesday,LOT 2 Premium,85.79710144927536,296.0,345
2025-06-17 00:00:00,Tuesday,LOT 2 Value,85.0,17.0,20
2025-06-17 00:00:00,Tuesday,LOT 3,51.761744966442954,617.0,1192
2025-06-17 00:00:00,Tuesday,LOT 4 General,78.81118881118881,1127.0,1430
2025-06-17 00:00:00,Tuesday,LOT 4 Premium,96.57142857142857,338.0,350
2025-06-17 00:00:00,Tuesday,LOT 5,47.16898954703832,1083.0,2296
2025-06-17 00:00:00,Tuesday,LOT 5 Value,70.0,14.0,20
2025-06-17 00:00:00,Tuesday,LOT 6,52.655198204936426,704.0,1337
2025-06-18 00:00:00,Wednesday,LOT 2 General,68.94563426688633,837.0,1214
2025-06-18 00:00:00,Wednesday,LOT 2 Premium,86.37681159420289,298.0,345
2025-06-18 00:00:00,Wednesday,LOT 2 Value,85.0,17.0,20
2025-06-18 00:00:00,Wednesday,LOT 3,52.93624161073826,631.0,1192
2025-06-18 00:00:00,Wednesday,LOT 4 General,81.3986013986014,1164.0,1430
2025-06-18 00:00:00,Wednesday,LOT 4 Premium,94.0,329.0,350
2025-06-18 00:00:00,Wednesday,LOT 5,50.04355400696864,1149.0,2296
2025-06-18 00:00:00,Wednesday,LOT 5 Value,50.0,10.0,20
2025-06-18 00:00:00,Wednesday,LOT 6,56.245325355273,752.0,1337
2025-06-19 00:00:00,Thursday,LOT 2 General,76.19439868204283,925.0,1214
2025-06-19 00:00:00,Thursday,LOT 2 Premium,87.2463768115942,301.0,345
2025-06-19 00:00:00,Thursday,LOT 2 Value,70.0,14.0,20
2025-06-19 00:00:00,Thursday,LOT 3,62.332214765100666,743.0,1192
2025-06-19 00:00:00,Thursday,LOT 4 General,69.44055944055944,993.0,1430
2025-06-19 00:00:00,Thursday,LOT 4 Premium,93.14285714285714,326.0,350
2025-06-19 00:00:00,Thursday,LOT 5,55.96689895470384,1285.0,2296
2025-06-19 00:00:00,Thursday,LOT 5 Value,85.0,17.0,20
2025-06-19 00:00:00,Thursday,LOT 6,58.78833208676141,786.0,1337
2025-06-20 00:00:00,Friday,LOT 2 General,78.08896210873147,948.0,1214
2025-06-20 00:00:00,Friday,LOT 2 Premium,86.37681159420289,298.0,345
2025-06-20 00:00:00,Friday,LOT 2 Value,65.0,13.0,20
2025-06-20 00:00:00,Friday,LOT 3,69.46308724832215,828.0,1192
2025-06-20 00:00:00,Friday,LOT 4 General,59.58041958041959,852.0,1430
2025-06-20 00:00:00,Friday,LOT 4 Premium,94.0,329.0,350
2025-06-20 00:00:00,Friday,LOT 5,59.36411149825784,1363.0,2296
2025-06-20 00:00:00,Friday,LOT 5 Value,114.99999999999999,23.0,20
2025-06-20 00:00:00,Friday,LOT 6,57.66641735228123,771.0,1337
2025-06-21 00:00:00,Saturday,LOT 2 General,80.47775947281714,977.0,1214
2025-06-21 00:00:00,Saturday,LOT 2 Premium,79.42028985507247,274.0,345
2025-06-21 00:00:00,Saturday,LOT 2 Value,80.0,16.0,20
2025-06-21 00:00:00,Saturday,LOT 3,70.63758389261746,842.0,1192
2025-06-21 00:00:00,Saturday,LOT 4 General,50.27972027972027,719.0,1430
2025-06-21 00:00:00,Saturday,LOT 4 Premium,91.71428571428571,321.0,350
2025-06-21 00:00:00,Saturday,LOT 5,57.883275261324044,1329.0,2296
2025-06-21 00:00:00,Saturday,LOT 5 Value,160.0,32.0,20
2025-06-21 00:00:00,Saturday,LOT 6,58.04038893044129,776.0,1337
2025-06-22 00:00:00,Sunday,LOT 2 General,73.80560131795717,896.0,1214
2025-06-22 00:00:00,Sunday,LOT 2 Premium,71.8840579710145,248.0,345
2025-06-22 00:00:00,Sunday,LOT 2 Value,80.0,16.0,20
2025-06-22 00:00:00,Sunday,LOT 3,67.4496644295302,804.0,1192
2025-06-22 00:00:00,Sunday,LOT 4 General,49.09090909090909,702.0,1430
2025-06-22 00:00:00,Sunday,LOT 4 Premium,89.42857142857143,313.0,350
2025-06-22 00:00:00,Sunday,LOT 5,51.35017421602788,1179.0,2296
2025-06-22 00:00:00,Sunday,LOT 5 Value,120.0,24.0,20
2025-06-22 00:00:00,Sunday,LOT 6,54.89902767389678,734.0,1337
2025-06-23 00:00:00,Monday,LOT 2 General,75.37067545304778,915.0,1214
2025-06-23 00:00:00,Monday,LOT 2 Premium,80.8695652173913,279.0,345
2025-06-23 00:00:00,Monday,LOT 2 Value,60.0,12.0,20
2025-06-23 00:00:00,Monday,LOT 3,60.82214765100671,725.0,1192
2025-06-23 00:00:00,Monday,LOT 4 General,69.02097902097903,987.0,1430
2025-06-23 00:00:00,Monday,LOT 4 Premium,96.57142857142857,338.0,350
2025-06-23 00:00:00,Monday,LOT 5,48.78048780487805,1120.0,2296
2025-06-23 00:00:00,Monday,LOT 5 Value,70.0,14.0,20
2025-06-23 00:00:00,Monday,LOT 6,55.123410620792825,737.0,1337
2025-06-24 00:00:00,Tuesday,LOT 2 General,73.31136738056013,890.0,1214
2025-06-24 00:00:00,Tuesday,LOT 2 Premium,90.72463768115944,313.0,345
2025-06-24 00:00:00,Tuesday,LOT 2 Value,60.0,12.0,20
2025-06-24 00:00:00,Tuesday,LOT 3,62.332214765100666,743.0,1192
2025-06-24 00:00:00,Tuesday,LOT 4 General,79.79020979020979,1141.0,1430
2025-06-24 00:00:00,Tuesday,LOT 4 Premium,96.28571428571428,337.0,350
2025-06-24 00:00:00,Tuesday,LOT 5,47.99651567944251,1102.0,2296
2025-06-24 00:00:00,Tuesday,LOT 5 Value,80.0,16.0,20
2025-06-24 00:00:00,Tuesday,LOT 6,53.55272999252057,716.0,1337
2025-06-25 00:00:00,Wednesday,LOT 2 General,82.53706754530478,1002.0,1214
2025-06-25 00:00:00,Wednesday,LOT 2 Premium,93.91304347826089,324.0,345
2025-06-25 00:00:00,Wednesday,LOT 2 Value,75.0,15.0,20
2025-06-25 00:00:00,Wednesday,LOT 3,66.2751677852349,790.0,1192
2025-06-25 00:00:00,Wednesday,LOT 4 General,91.74825174825176,1312.0,1430
2025-06-25 00:00:00,Wednesday,LOT 4 Premium,97.14285714285714,340.0,350
2025-06-25 00:00:00,Wednesday,LOT 5,50.7404181184669,1165.0,2296
2025-06-25 00:00:00,Wednesday,LOT 5 Value,95.0,19.0,20
2025-06-25 00:00:00,Wednesday,LOT 6,55.497382198952884,742.0,1337
2025-06-26 00:00:00,Thursday,LOT 2 General,84.2668863261944,1023.0,1214
2025-06-26 00:00:00,Thursday,LOT 2 Premium,93.04347826086956,321.0,345
2025-06-26 00:00:00,Thursday,LOT 2 Value,60.0,12.0,20
2025-06-26 00:00:00,Thursday,LOT 3,59.98322147651006,715.0,1192
2025-06-26 00:00:00,Thursday,LOT 4 General,82.02797202797203,1173.0,1430
2025-06-26 00:00:00,Thursday,LOT 4 Premium,94.57142857142856,331.0,350
2025-06-26 00:00:00,Thursday,LOT 5,54.57317073170732,1253.0,2296
2025-06-26 00:00:00,Thursday,LOT 5 Value,95.0,19.0,20
2025-06-26 00:00:00,Thursday,LOT 6,56.69409124906507,758.0,1337
2025-06-27 00:00:00,Friday,LOT 2 General,81.54859967051071,990.0,1214
2025-06-27 00:00:00,Friday,LOT 2 Premium,83.76811594202898,289.0,345
2025-06-27 00:00:00,Friday,LOT 2 Value,40.0,8.0,20
2025-06-27 00:00:00,Friday,LOT 3,68.54026845637584,817.0,1192
2025-06-27 00:00:00,Friday,LOT 4 General,60.97902097902098,872.0,1430
2025-06-27 00:00:00,Friday,LOT 4 Premium,94.0,329.0,350
2025-06-27 00:00:00,Friday,LOT 5,56.01045296167248,1286.0,2296
2025-06-27 00:00:00,Friday,LOT 5 Value,125.0,25.0,20
2025-06-27 00:00:00,Friday,LOT 6,55.123410620792825,737.0,1337
2025-06-28 00:00:00,Saturday,LOT 2 General,79.07742998352553,960.0,1214
2025-06-28 00:00:00,Saturday,LOT 2 Premium,76.81159420289855,265.0,345
2025-06-28 00:00:00,Saturday,LOT 2 Value,40.0,8.0,20
2025-06-28 00:00:00,Saturday,LOT 3,69.96644295302013,834.0,1192
2025-06-28 00:00:00,Saturday,LOT 4 General,47.06293706293706,673.0,1430
2025-06-28 00:00:00,Saturday,LOT 4 Premium,88.85714285714286,311.0,350
2025-06-28 00:00:00,Saturday,LOT 5,56.315331010452965,1293.0,2296
2025-06-28 00:00:00,Saturday,LOT 5 Value,120.0,24.0,20
2025-06-28 00:00:00,Saturday,LOT 6,54.52505609573672,729.0,1337
2025-06-29 00:00:00,Sunday,LOT 2 General,69.35749588138385,842.0,1214
2025-06-29 00:00:00,Sunday,LOT 2 Premium,74.78260869565217,258.0,345
2025-06-29 00:00:00,Sunday,LOT 2 Value,45.0,9.0,20
2025-06-29 00:00:00,Sunday,LOT 3,61.57718120805369,734.0,1192
2025-06-29 00:00:00,Sunday,LOT 4 General,39.72027972027972,568.0,1430
2025-06-29 00:00:00,Sunday,LOT 4 Premium,90.28571428571428,316.0,350
2025-06-29 00:00:00,Sunday,LOT 5,51.08885017421603,1173.0,2296
2025-06-29 00:00:00,Sunday,LOT 5 Value,75.0,15.0,20
2025-06-29 00:00:00,Sunday,LOT 6,48.09274495138369,643.0,1337
2025-06-30 00:00:00,Monday,LOT 2 General,58.6490939044481,712.0,1214
2025-06-30 00:00:00,Monday,LOT 2 Premium,72.17391304347827,249.0,345
2025-06-30 00:00:00,Monday,LOT 2 Value,50.0,10.0,20
2025-06-30 00:00:00,Monday,LOT 3,50.41946308724832,601.0,1192
2025-06-30 00:00:00,Monday,LOT 4 General,42.93706293706293,614.0,1430
2025-06-30 00:00:00,Monday,LOT 4 Premium,91.42857142857143,320.0,350
2025-06-30 00:00:00,Monday,LOT 5,45.07839721254355,1035.0,2296
2025-06-30 00:00:00,Monday,LOT 5 Value,55.00000000000001,11.0,20
2025-06-30 00:00:00,Monday,LOT 6,46.07329842931937,616.0,1337
2025-07-01 00:00:00,Tuesday,LOT 2 General,56.17792421746294,682.0,1214
2025-07-01 00:00:00,Tuesday,LOT 2 Premium,71.01449275362319,245.0,345
2025-07-01 00:00:00,Tuesday,LOT 2 Value,45.0,9.0,20
2025-07-01 00:00:00,Tuesday,LOT 3,48.99328859060403,584.0,1192
2025-07-01 00:00:00,Tuesday,LOT 4 General,44.82517482517482,641.0,1430
2025-07-01 00:00:00,Tuesday,LOT 4 Premium,94.57142857142856,331.0,350
2025-07-01 00:00:00,Tuesday,LOT 5,47.386759581881535,1088.0,2296
2025-07-01 00:00:00,Tuesday,LOT 5 Value,55.00000000000001,11.0,20
2025-07-01 00:00:00,Tuesday,LOT 6,46.14809274495138,617.0,1337
2025-07-02 00:00:00,Wednesday,LOT 2 General,60.62602965403624,736.0,1214
2025-07-02 00:00:00,Wednesday,LOT 2 Premium,73.04347826086956,252.0,345
2025-07-02 00:00:00,Wednesday,LOT 2 Value,55.00000000000001,11.0,20
2025-07-02 00:00:00,Wednesday,LOT 3,55.536912751677846,662.0,1192
2025-07-02 00:00:00,Wednesday,LOT 4 General,43.916083916083906,628.0,1430
2025-07-02 00:00:00,Wednesday,LOT 4 Premium,91.42857142857143,320.0,350
2025-07-02 00:00:00,Wednesday,LOT 5,49.86933797909407,1145.0,2296
2025-07-02 00:00:00,Wednesday,LOT 5 Value,80.0,16.0,20
2025-07-02 00:00:00,Wednesday,LOT 6,49.21465968586387,658.0,1337
2025-07-03 00:00:00,Thursday,LOT 2 General,73.47611202635915,892.0,1214
2025-07-03 00:00:00,Thursday,LOT 2 Premium,66.66666666666666,230.0,345
2025-07-03 00:00:00,Thursday,LOT 2 Value,60.0,12.0,20
2025-07-03 00:00:00,Thursday,LOT 3,64.1778523489933,765.0,1192
2025-07-03 00:00:00,Thursday,LOT 4 General,37.48251748251748,536.0,1430
2025-07-03 00:00:00,Thursday,LOT 4 Premium,89.14285714285714,312.0,350
2025-07-03 00:00:00,Thursday,LOT 5,55.27003484320557,1269.0,2296
2025-07-03 00:00:00,Thursday,LOT 5 Value,60.0,12.0,20
2025-07-03 00:00:00,Thursday,LOT 6,54.67464472700074,731.0,1337
2025-07-04 00:00:00,Friday,LOT 2 General,80.23064250411862,974.0,1214
2025-07-04 00:00:00,Friday,LOT 2 Premium,71.59420289855073,247.0,345
2025-07-04 00:00:00,Friday,LOT 2 Value,100.0,20.0,20
2025-07-04 00:00:00,Friday,LOT 3,72.90268456375838,869.0,1192
2025-07-04 00:00:00,Friday,LOT 4 General,36.01398601398601,515.0,1430
2025-07-04 00:00:00,Friday,LOT 4 Premium,92.57142857142856,324.0,350
2025-07-04 00:00:00,Friday,LOT 5,62.23867595818815,1429.0,2296
2025-07-04 00:00:00,Friday,LOT 5 Value,60.0,12.0,20
2025-07-04 00:00:00,Friday,LOT 6,58.41436050860135,781.0,1337
2025-07-05 00:00:00,Saturday,LOT 2 General,84.01976935749587,1020.0,1214
2025-07-05 00:00:00,Saturday,LOT 2 Premium,76.23188405797102,263.0,345
2025-07-05 00:00:00,Saturday,LOT 2 Value,95.0,19.0,20
2025-07-05 00:00:00,Saturday,LOT 3,73.48993288590604,876.0,1192
2025-07-05 00:00:00,Saturday,LOT 4 General,37.552447552447546,537.0,1430
2025-07-05 00:00:00,Saturday,LOT 4 Premium,93.42857142857144,327.0,350
2025-07-05 00:00:00,Saturday,LOT 5,62.89198606271778,1444.0,2296
2025-07-05 00:00:00,Saturday,LOT 5 Value,60.0,12.0,20
2025-07-05 00:00:00,Saturday,LOT 6,59.38668661181751,794.0,1337
2025-07-06 00:00:00,Sunday,LOT 2 General,74.95881383855024,910.0,1214
2025-07-06 00:00:00,Sunday,LOT 2 Premium,71.8840579710145,248.0,345
2025-07-06 00:00:00,Sunday,LOT 2 Value,95.0,19.0,20
2025-07-06 00:00:00,Sunday,LOT 3,65.93959731543623,786.0,1192
2025-07-06 00:00:00,Sunday,LOT 4 General,35.174825174825166,503.0,1430
2025-07-06 00:00:00,Sunday,LOT 4 Premium,86.57142857142858,303.0,350
2025-07-06 00:00:00,Sunday,LOT 5,56.53310104529616,1298.0,2296
2025-07-06 00:00:00,Sunday,LOT 5 Value,50.0,10.0,20
2025-07-06 00:00:00,Sunday,LOT 6,60.50860134629769,809.0,1337
2025-07-07 00:00:00,Monday,LOT 2 General,68.28665568369028,829.0,1214
2025-07-07 00:00:00,Monday,LOT 2 Premium,59.42028985507246,205.0,345
2025-07-07 00:00:00,Monday,LOT 2 Value,60.0,12.0,20
2025-07-07 00:00:00,Monday,LOT 3,57.71812080536913,688.0,1192
2025-07-07 00:00:00,Monday,LOT 4 General,46.853146853146846,670.0,1430
2025-07-07 00:00:00,Monday,LOT 4 Premium,96.28571428571428,337.0,350
2025-07-07 00:00:00,Monday,LOT 5,51.437282229965156,1181.0,2296
2025-07-07 00:00:00,Monday,LOT 5 Value,60.0,12.0,20
2025-07-07 00:00:00,Monday,LOT 6,52.43081525804038,701.0,1337
2025-07-08 00:00:00,Tuesday,LOT 2 General,72.57001647446458,881.0,1214
2025-07-08 00:00:00,Tuesday,LOT 2 Premium,90.14492753623188,311.0,345
2025-07-08 00:00:00,Tuesday,LOT 2 Value,55.00000000000001,11.0,20
2025-07-08 00:00:00,Tuesday,LOT 3,53.5234899328859,638.0,1192
2025-07-08 00:00:00,Tuesday,LOT 4 General,69.23076923076923,990.0,1430
2025-07-08 00:00:00,Tuesday,LOT 4 Premium,97.42857142857144,341.0,350
2025-07-08 00:00:00,Tuesday,LOT 5,46.2979094076655,1063.0,2296
2025-07-08 00:00:00,Tuesday,LOT 5 Value,75.0,15.0,20
2025-07-08 00:00:00,Tuesday,LOT 6,49.13986537023186,657.0,1337
2025-07-09 00:00:00,Wednesday,LOT 2 General,69.60461285008238,845.0,1214
2025-07-09 00:00:00,Wednesday,LOT 2 Premium,87.53623188405797,302.0,345
2025-07-09 00:00:00,Wednesday,LOT 2 Value,60.0,12.0,20
2025-07-09 00:00:00,Wednesday,LOT 3,56.208053691275175,670.0,1192
2025-07-09 00:00:00,Wednesday,LOT 4 General,71.88811188811188,1028.0,1430
2025-07-09 00:00:00,Wednesday,LOT 4 Premium,95.71428571428572,335.0,350
2025-07-09 00:00:00,Wednesday,LOT 5,46.472125435540065,1067.0,2296
2025-07-09 00:00:00,Wednesday,LOT 5 Value,40.0,8.0,20
2025-07-09 00:00:00,Wednesday,LOT 6,52.879581151832454,707.0,1337
2025-07-10 00:00:00,Thursday,LOT 2 General,76.77100494233937,932.0,1214
2025-07-10 00:00:00,Thursday,LOT 2 Premium,83.18840579710145,287.0,345
2025-07-10 00:00:00,Thursday,LOT 2 Value,105.0,21.0,20
2025-07-10 00:00:00,Thursday,LOT 3,61.828859060402685,737.0,1192
2025-07-10 00:00:00,Thursday,LOT 4 General,66.78321678321679,955.0,1430
2025-07-10 00:00:00,Thursday,LOT 4 Premium,94.0,329.0,350
2025-07-10 00:00:00,Thursday,LOT 5,50.696864111498265,1164.0,2296
2025-07-10 00:00:00,Thursday,LOT 5 Value,45.0,9.0,20
2025-07-10 00:00:00,Thursday,LOT 6,55.34779356768885,740.0,1337
2025-07-11 00:00:00,Friday,LOT 2 General,78.41845140032949,952.0,1214
2025-07-11 00:00:00,Friday,LOT 2 Premium,76.81159420289855,265.0,345
2025-07-11 00:00:00,Friday,LOT 2 Value,105.0,21.0,20
2025-07-11 00:00:00,Friday,LOT 3,67.4496644295302,804.0,1192
2025-07-11 00:00:00,Friday,LOT 4 General,49.58041958041958,709.0,1430
2025-07-11 00:00:00,Friday,LOT 4 Premium,92.85714285714286,325.0,350
2025-07-11 00:00:00,Friday,LOT 5,54.35540069686411,1248.0,2296
2025-07-11 00:00:00,Friday,LOT 5 Value,45.0,9.0,20
2025-07-11 00:00:00,Friday,LOT 6,57.29244577412117,766.0,1337
2025-07-12 00:00:00,Saturday,LOT 2 General,83.93739703459637,1019.0,1214
2025-07-12 00:00:00,Saturday,LOT 2 Premium,80.8695652173913,279.0,345
2025-07-12 00:00:00,Saturday,LOT 2 Value,85.0,17.0,20
2025-07-12 00:00:00,Saturday,LOT 3,74.74832214765101,891.0,1192
2025-07-12 00:00:00,Saturday,LOT 4 General,39.44055944055944,564.0,1430
2025-07-12 00:00:00,Saturday,LOT 4 Premium,89.14285714285714,312.0,350
2025-07-12 00:00:00,Saturday,LOT 5,52.04703832752613,1195.0,2296
2025-07-12 00:00:00,Saturday,LOT 5 Value,55.00000000000001,11.0,20
2025-07-12 00:00:00,Saturday,LOT 6,54.15108451757666,724.0,1337
2025-07-13 00:00:00,Sunday,LOT 2 General,74.2174629324547,901.0,1214
2025-07-13 00:00:00,Sunday,LOT 2 Premium,69.56521739130434,240.0,345
2025-07-13 00:00:00,Sunday,LOT 2 Value,95.0,19.0,20
2025-07-13 00:00:00,Sunday,LOT 3,62.751677852349,748.0,1192
2025-07-13 00:00:00,Sunday,LOT 4 General,39.3006993006993,562.0,1430
2025-07-13 00:00:00,Sunday,LOT 4 Premium,89.71428571428571,314.0,350
2025-07-13 00:00:00,Sunday,LOT 5,49.86933797909407,1145.0,2296
2025-07-13 00:00:00,Sunday,LOT 5 Value,75.0,15.0,20
2025-07-13 00:00:00,Sunday,LOT 6,49.36424831712789,660.0,1337
2025-07-14 00:00:00,Monday,LOT 2 General,73.72322899505767,895.0,1214
2025-07-14 00:00:00,Monday,LOT 2 Premium,88.69565217391305,306.0,345
2025-07-14 00:00:00,Monday,LOT 2 Value,75.0,15.0,20
2025-07-14 00:00:00,Monday,LOT 3,54.530201342281885,650.0,1192
2025-07-14 00:00:00,Monday,LOT 4 General,58.32167832167832,834.0,1430
2025-07-14 00:00:00,Monday,LOT 4 Premium,95.14285714285714,333.0,350
2025-07-14 00:00:00,Monday,LOT 5,48.43205574912892,1112.0,2296
2025-07-14 00:00:00,Monday,LOT 5 Value,105.0,21.0,20
2025-07-14 00:00:00,Monday,LOT 6,56.54450261780105,756.0,1337
2025-07-15 00:00:00,Tuesday,LOT 2 General,77.67710049423394,943.0,1214
2025-07-15 00:00:00,Tuesday,LOT 2 Premium,91.30434782608697,315.0,345
2025-07-15 00:00:00,Tuesday,LOT 2 Value,80.0,16.0,20
2025-07-15 00:00:00,Tuesday,LOT 3,54.27852348993289,647.0,1192
2025-07-15 00:00:00,Tuesday,LOT 4 General,77.4825174825175,1108.0,1430
2025-07-15 00:00:00,Tuesday,LOT 4 Premium,95.14285714285714,333.0,350
2025-07-15 00:00:00,Tuesday,LOT 5,47.778745644599304,1097.0,2296
2025-07-15 00:00:00,Tuesday,LOT 5 Value,110.00000000000001,22.0,20
2025-07-15 00:00:00,Tuesday,LOT 6,53.32834704562453,713.0,1337
2025-07-16 00:00:00,Wednesday,LOT 2 General,79.48929159802306,965.0,1214
2025-07-16 00:00:00,Wednesday,LOT 2 Premium,94.20289855072464,325.0,345
2025-07-16 00:00:00,Wednesday,LOT 2 Value,60.0,12.0,20
2025-07-16 00:00:00,Wednesday,LOT 3,56.04026845637584,668.0,1192
2025-07-16 00:00:00,Wednesday,LOT 4 General,76.57342657342657,1095.0,1430
2025-07-16 00:00:00,Wednesday,LOT 4 Premium,95.71428571428572,335.0,350
2025-07-16 00:00:00,Wednesday,LOT 5,48.69337979094076,1118.0,2296
2025-07-16 00:00:00,Wednesday,LOT 5 Value,90.0,18.0,20
2025-07-16 00:00:00,Wednesday,LOT 6,55.123410620792825,737.0,1337
2025-07-17 00:00:00,Thursday,LOT 2 General,82.45469522240528,1001.0,1214
2025-07-17 00:00:00,Thursday,LOT 2 Premium,91.59420289855072,316.0,345
2025-07-17 00:00:00,Thursday,LOT 2 Value,65.0,13.0,20
2025-07-17 00:00:00,Thursday,LOT 3,60.31879194630873,719.0,1192
2025-07-17 00:00:00,Thursday,LOT 4 General,71.11888111888112,1017.0,1430
2025-07-17 00:00:00,Thursday,LOT 4 Premium,94.28571428571428,330.0,350
2025-07-17 00:00:00,Thursday,LOT 5,50.522648083623686,1160.0,2296
2025-07-17 00:00:00,Thursday,LOT 5 Value,100.0,20.0,20
2025-07-17 00:00:00,Thursday,LOT 6,59.9850411368736,802.0,1337
2025-07-18 00:00:00,Friday,LOT 2 General,81.21911037891269,986.0,1214
2025-07-18 00:00:00,Friday,LOT 2 Premium,84.92753623188406,293.0,345
2025-07-18 00:00:00,Friday,LOT 2 Value,75.0,15.0,20
2025-07-18 00:00:00,Friday,LOT 3,60.65436241610739,723.0,1192
2025-07-18 00:00:00,Friday,LOT 4 General,54.61538461538461,781.0,1430
2025-07-18 00:00:00,Friday,LOT 4 Premium,96.28571428571428,337.0,350
2025-07-18 00:00:00,Friday,LOT 5,54.48606271777003,1251.0,2296
2025-07-18 00:00:00,Friday,LOT 5 Value,120.0,24.0,20
2025-07-18 00:00:00,Friday,LOT 6,57.96559461480928,775.0,1337
2025-07-19 00:00:00,Saturday,LOT 2 General,80.56013179571664,978.0,1214
2025-07-19 00:00:00,Saturday,LOT 2 Premium,82.6086956521739,285.0,345
2025-07-19 00:00:00,Saturday,LOT 2 Value,95.0,19.0,20
2025-07-19 00:00:00,Saturday,LOT 3,59.56375838926174,710.0,1192
2025-07-19 00:00:00,Saturday,LOT 4 General,43.916083916083906,628.0,1430
2025-07-19 00:00:00,Saturday,LOT 4 Premium,89.42857142857143,313.0,350
2025-07-19 00:00:00,Saturday,LOT 5,63.806620209059226,1465.0,2296
2025-07-19 00:00:00,Saturday,LOT 5 Value,80.0,16.0,20
2025-07-19 00:00:00,Saturday,LOT 6,58.78833208676141,786.0,1337
2025-07-20 00:00:00,Sunday,LOT 2 General,74.46457990115321,904.0,1214
2025-07-20 00:00:00,Sunday,LOT 2 Premium,81.15942028985508,280.0,345
2025-07-20 00:00:00,Sunday,LOT 2 Value,70.0,14.0,20
2025-07-20 00:00:00,Sunday,LOT 3,59.395973154362416,708.0,1192
2025-07-20 00:00:00,Sunday,LOT 4 General,41.46853146853146,593.0,1430
2025-07-20 00:00:00,Sunday,LOT 4 Premium,91.42857142857143,320.0,350
2025-07-20 00:00:00,Sunday,LOT 5,51.698606271777,1187.0,2296
2025-07-20 00:00:00,Sunday,LOT 5 Value,65.0,13.0,20
2025-07-20 00:00:00,Sunday,LOT 6,55.42258788332087,741.0,1337
2025-07-21 00:00:00,Monday,LOT 2 General,76.68863261943987,931.0,1214
2025-07-21 00:00:00,Monday,LOT 2 Premium,87.2463768115942,301.0,345
2025-07-21 00:00:00,Monday,LOT 2 Value,35.0,7.0,20
2025-07-21 00:00:00,Monday,LOT 3,53.7751677852349,641.0,1192
2025-07-21 00:00:00,Monday,LOT 4 General,61.11888111888112,874.0,1430
2025-07-21 00:00:00,Monday,LOT 4 Premium,94.57142857142856,331.0,350
2025-07-21 00:00:00,Monday,LOT 5,47.86585365853658,1099.0,2296
2025-07-21 00:00:00,Monday,LOT 5 Value,45.0,9.0,20
2025-07-21 00:00:00,Monday,LOT 6,54.89902767389678,734.0,1337
2025-07-22 00:00:00,Tuesday,LOT 2 General,78.99505766062603,959.0,1214
2025-07-22 00:00:00,Tuesday,LOT 2 Premium,93.04347826086956,321.0,345
2025-07-22 00:00:00,Tuesday,LOT 2 Value,30.0,6.0,20
2025-07-22 00:00:00,Tuesday,LOT 3,52.51677852348994,626.0,1192
2025-07-22 00:00:00,Tuesday,LOT 4 General,74.96503496503496,1072.0,1430
2025-07-22 00:00:00,Tuesday,LOT 4 Premium,93.42857142857144,327.0,350
2025-07-22 00:00:00,Tuesday,LOT 5,47.343205574912886,1087.0,2296
2025-07-22 00:00:00,Tuesday,LOT 5 Value,55.00000000000001,11.0,20
2025-07-22 00:00:00,Tuesday,LOT 6,53.029169783096485,709.0,1337
2025-07-23 00:00:00,Wednesday,LOT 2 General,80.1482701812191,973.0,1214
2025-07-23 00:00:00,Wednesday,LOT 2 Premium,89.27536231884058,308.0,345
2025-07-23 00:00:00,Wednesday,LOT 2 Value,40.0,8.0,20
2025-07-23 00:00:00,Wednesday,LOT 3,56.124161073825505,669.0,1192
2025-07-23 00:00:00,Wednesday,LOT 4 General,78.25174825174825,1119.0,1430
2025-07-23 00:00:00,Wednesday,LOT 4 Premium,95.42857142857144,334.0,350
2025-07-23 00:00:00,Wednesday,LOT 5,48.34494773519164,1110.0,2296
2025-07-23 00:00:00,Wednesday,LOT 5 Value,60.0,12.0,20
2025-07-23 00:00:00,Wednesday,LOT 6,53.477935676888556,715.0,1337
2025-07-24 00:00:00,Thursday,LOT 2 General,86.9851729818781,1056.0,1214
2025-07-24 00:00:00,Thursday,LOT 2 Premium,91.59420289855072,316.0,345
2025-07-24 00:00:00,Thursday,LOT 2 Value,80.0,16.0,20
2025-07-24 00:00:00,Thursday,LOT 3,63.33892617449665,755.0,1192
2025-07-24 00:00:00,Thursday,LOT 4 General,70.34965034965035,1006.0,1430
2025-07-24 00:00:00,Thursday,LOT 4 Premium,95.71428571428572,335.0,350
2025-07-24 00:00:00,Thursday,LOT 5,52.221254355400696,1199.0,2296
2025-07-24 00:00:00,Thursday,LOT 5 Value,40.0,8.0,20
2025-07-24 00:00:00,Thursday,LOT 6,58.339566192969336,780.0,1337
2025-07-25 00:00:00,Friday,LOT 2 General,90.52718286655684,1099.0,1214
2025-07-25 00:00:00,Friday,LOT 2 Premium,85.5072463768116,295.0,345
2025-07-25 00:00:00,Friday,LOT 2 Value,95.0,19.0,20
2025-07-25 00:00:00,Friday,LOT 3,71.39261744966443,851.0,1192
2025-07-25 00:00:00,Friday,LOT 4 General,51.95804195804195,743.0,1430
2025-07-25 00:00:00,Friday,LOT 4 Premium,94.85714285714286,332.0,350
2025-07-25 00:00:00,Friday,LOT 5,55.1829268292683,1267.0,2296
2025-07-25 00:00:00,Friday,LOT 5 Value,50.0,10.0,20
2025-07-25 00:00:00,Friday,LOT 6,61.032161555721764,816.0,1337
2025-07-26 00:00:00,Saturday,LOT 2 General,86.65568369028006,1052.0,1214
2025-07-26 00:00:00,Saturday,LOT 2 Premium,87.82608695652175,303.0,345
2025-07-26 00:00:00,Saturday,LOT 2 Value,85.0,17.0,20
2025-07-26 00:00:00,Saturday,LOT 3,73.40604026845638,875.0,1192
2025-07-26 00:00:00,Saturday,LOT 4 General,43.56643356643356,623.0,1430
2025-07-26 00:00:00,Saturday,LOT 4 Premium,90.85714285714286,318.0,350
2025-07-26 00:00:00,Saturday,LOT 5,55.008710801393725,1263.0,2296
2025-07-26 00:00:00,Saturday,LOT 5 Value,65.0,13.0,20
2025-07-26 00:00:00,Saturday,LOT 6,59.910246821241586,801.0,1337
2025-07-27 00:00:00,Sunday,LOT 2 General,79.32454695222405,963.0,1214
2025-07-27 00:00:00,Sunday,LOT 2 Premium,84.05797101449275,290.0,345
2025-07-27 00:00:00,Sunday,LOT 2 Value,95.0,19.0,20
2025-07-27 00:00:00,Sunday,LOT 3,64.26174496644296,766.0,1192
2025-07-27 00:00:00,Sunday,LOT 4 General,41.46853146853146,593.0,1430
2025-07-27 00:00:00,Sunday,LOT 4 Premium,92.85714285714286,325.0,350
2025-07-27 00:00:00,Sunday,LOT 5,51.829268292682926,1190.0,2296
2025-07-27 00:00:00,Sunday,LOT 5 Value,70.0,14.0,20
2025-07-27 00:00:00,Sunday,LOT 6,57.29244577412117,766.0,1337
2025-07-28 00:00:00,Monday,LOT 2 General,76.77100494233937,932.0,1214
2025-07-28 00:00:00,Monday,LOT 2 Premium,87.53623188405797,302.0,345
2025-07-28 00:00:00,Monday,LOT 2 Value,75.0,15.0,20
2025-07-28 00:00:00,Monday,LOT 3,55.11744966442953,657.0,1192
2025-07-28 00:00:00,Monday,LOT 4 General,56.92307692307692,814.0,1430
2025-07-28 00:00:00,Monday,LOT 4 Premium,95.71428571428572,335.0,350
2025-07-28 00:00:00,Monday,LOT 5,48.73693379790941,1119.0,2296
2025-07-28 00:00:00,Monday,LOT 5 Value,85.0,17.0,20
2025-07-28 00:00:00,Monday,LOT 6,53.1787584143605,711.0,1337
2025-07-29 00:00:00,Tuesday,LOT 2 General,75.86490939044481,921.0,1214
2025-07-29 00:00:00,Tuesday,LOT 2 Premium,87.53623188405797,302.0,345
2025-07-29 00:00:00,Tuesday,LOT 2 Value,55.00000000000001,11.0,20
2025-07-29 00:00:00,Tuesday,LOT 3,55.033557046979865,656.0,1192
2025-07-29 00:00:00,Tuesday,LOT 4 General,66.7132867132867,954.0,1430
2025-07-29 00:00:00,Tuesday,LOT 4 Premium,93.71428571428572,328.0,350
2025-07-29 00:00:00,Tuesday,LOT 5,44.68641114982578,1026.0,2296
2025-07-29 00:00:00,Tuesday,LOT 5 Value,75.0,15.0,20
2025-07-29 00:00:00,Tuesday,LOT 6,50.78534031413613,679.0,1337
2025-07-30 00:00:00,Wednesday,LOT 2 General,77.75947281713344,944.0,1214
2025-07-30 00:00:00,Wednesday,LOT 2 Premium,86.95652173913044,300.0,345
2025-07-30 00:00:00,Wednesday,LOT 2 Value,55.00000000000001,11.0,20
2025-07-30 00:00:00,Wednesday,LOT 3,54.61409395973155,651.0,1192
2025-07-30 00:00:00,Wednesday,LOT 4 General,70.0,1001.0,1430
2025-07-30 00:00:00,Wednesday,LOT 4 Premium,93.14285714285714,326.0,350
2025-07-30 00:00:00,Wednesday,LOT 5,45.90592334494773,1054.0,2296
2025-07-30 00:00:00,Wednesday,LOT 5 Value,75.0,15.0,20
2025-07-30 00:00:00,Wednesday,LOT 6,53.029169783096485,709.0,1337
2025-07-31 00:00:00,Thursday,LOT 2 General,0.0,,1214
2025-07-31 00:00:00,Thursday,LOT 2 Premium,0.0,,345
2025-07-31 00:00:00,Thursday,LOT 2 Value,0.0,,20
2025-07-31 00:00:00,Thursday,LOT 3,0.0,,1192
2025-07-31 00:00:00,Thursday,LOT 4 General,0.0,,1430
2025-07-31 00:00:00,Thursday,LOT 4 Premium,0.0,,350
2025-07-31 00:00:00,Thursday,LOT 5,0.0,,2296
2025-07-31 00:00:00,Thursday,LOT 5 Value,0.0,,20
2025-07-31 00:00:00,Thursday,LOT 6,0.0,,1337
2025-08-01 00:00:00,Friday,LOT 2 General,84.76112026359144,1029.0,1214
2025-08-01 00:00:00,Friday,LOT 2 Premium,84.05797101449275,290.0,345
2025-08-01 00:00:00,Friday,LOT 2 Value,105.0,21.0,20
2025-08-01 00:00:00,Friday,LOT 3,67.11409395973155,800.0,1192
2025-08-01 00:00:00,Friday,LOT 4 General,51.608391608391614,738.0,1430
2025-08-01 00:00:00,Friday,LOT 4 Premium,95.42857142857144,334.0,350
2025-08-01 00:00:00,Friday,LOT 5,54.224738675958186,1245.0,2296
2025-08-01 00:00:00,Friday,LOT 5 Value,80.0,16.0,20
2025-08-01 00:00:00,Friday,LOT 6,55.42258788332087,741.0,1337
2025-08-02 00:00:00,Saturday,LOT 2 General,86.16144975288303,1046.0,1214
2025-08-02 00:00:00,Saturday,LOT 2 Premium,75.36231884057972,260.0,345
2025-08-02 00:00:00,Saturday,LOT 2 Value,105.0,21.0,20
2025-08-02 00:00:00,Saturday,LOT 3,69.46308724832215,828.0,1192
2025-08-02 00:00:00,Saturday,LOT 4 General,42.23776223776224,604.0,1430
2025-08-02 00:00:00,Saturday,LOT 4 Premium,94.0,329.0,350
2025-08-02 00:00:00,Saturday,LOT 5,54.616724738675956,1254.0,2296
2025-08-02 00:00:00,Saturday,LOT 5 Value,90.0,18.0,20
2025-08-02 00:00:00,Saturday,LOT 6,55.123410620792825,737.0,1337
2025-08-03 00:00:00,Sunday,LOT 2 General,80.80724876441515,981.0,1214
2025-08-03 00:00:00,Sunday,LOT 2 Premium,74.78260869565217,258.0,345
2025-08-03 00:00:00,Sunday,LOT 2 Value,90.0,18.0,20
2025-08-03 00:00:00,Sunday,LOT 3,60.40268456375839,720.0,1192
2025-08-03 00:00:00,Sunday,LOT 4 General,39.86013986013986,570.0,1430
2025-08-03 00:00:00,Sunday,LOT 4 Premium,91.42857142857143,320.0,350
2025-08-03 00:00:00,Sunday,LOT 5,51.829268292682926,1190.0,2296
2025-08-03 00:00:00,Sunday,LOT 5 Value,45.0,9.0,20
2025-08-03 00:00:00,Sunday,LOT 6,52.43081525804038,701.0,1337
2025-08-04 00:00:00,Monday,LOT 2 General,72.9818780889621,886.0,1214
2025-08-04 00:00:00,Monday,LOT 2 Premium,85.5072463768116,295.0,345
2025-08-04 00:00:00,Monday,LOT 2 Value,35.0,7.0,20
2025-08-04 00:00:00,Monday,LOT 3,54.36241610738255,648.0,1192
2025-08-04 00:00:00,Monday,LOT 4 General,56.71328671328671,811.0,1430
2025-08-04 00:00:00,Monday,LOT 4 Premium,94.85714285714286,332.0,350
2025-08-04 00:00:00,Monday,LOT 5,48.25783972125435,1108.0,2296
2025-08-04 00:00:00,Monday,LOT 5 Value,75.0,15.0,20
2025-08-04 00:00:00,Monday,LOT 6,53.029169783096485,709.0,1337
2025-08-05 00:00:00,Tuesday,LOT 2 General,75.12355848434926,912.0,1214
2025-08-05 00:00:00,Tuesday,LOT 2 Premium,89.56521739130436,309.0,345
2025-08-05 00:00:00,Tuesday,LOT 2 Value,20.0,4.0,20
2025-08-05 00:00:00,Tuesday,LOT 3,51.34228187919463,612.0,1192
2025-08-05 00:00:00,Tuesday,LOT 4 General,66.5034965034965,951.0,1430
2025-08-05 00:00:00,Tuesday,LOT 4 Premium,96.28571428571428,337.0,350
2025-08-05 00:00:00,Tuesday,LOT 5,46.25435540069686,1062.0,2296
2025-08-05 00:00:00,Tuesday,LOT 5 Value,75.0,15.0,20
2025-08-05 00:00:00,Tuesday,LOT 6,50.41136873597607,674.0,1337
2025-08-06 00:00:00,Wednesday,LOT 2 General,76.68863261943987,931.0,1214
2025-08-06 00:00:00,Wednesday,LOT 2 Premium,91.30434782608697,315.0,345
2025-08-06 00:00:00,Wednesday,LOT 2 Value,35.0,7.0,20
2025-08-06 00:00:00,Wednesday,LOT 3,54.446308724832214,649.0,1192
2025-08-06 00:00:00,Wednesday,LOT 4 General,72.58741258741259,1038.0,1430
2025-08-06 00:00:00,Wednesday,LOT 4 Premium,95.42857142857144,334.0,350
2025-08-06 00:00:00,Wednesday,LOT 5,47.21254355400697,1084.0,2296
2025-08-06 00:00:00,Wednesday,LOT 5 Value,75.0,15.0,20
2025-08-06 00:00:00,Wednesday,LOT 6,44.502617801047116,595.0,1337
2025-08-07 00:00:00,Thursday,LOT 2 General,81.05436573311367,984.0,1214
2025-08-07 00:00:00,Thursday,LOT 2 Premium,92.46376811594203,319.0,345
2025-08-07 00:00:00,Thursday,LOT 2 Value,45.0,9.0,20
2025-08-07 00:00:00,Thursday,LOT 3,59.395973154362416,708.0,1192
2025-08-07 00:00:00,Thursday,LOT 4 General,65.59440559440559,938.0,1430
2025-08-07 00:00:00,Thursday,LOT 4 Premium,95.14285714285714,333.0,350
2025-08-07 00:00:00,Thursday,LOT 5,51.65505226480837,1186.0,2296
2025-08-07 00:00:00,Thursday,LOT 5 Value,60.0,12.0,20
2025-08-07 00:00:00,Thursday,LOT 6,53.851907255048616,720.0,1337
2025-08-08 00:00:00,Friday,LOT 2 General,80.80724876441515,981.0,1214
2025-08-08 00:00:00,Friday,LOT 2 Premium,87.53623188405797,302.0,345
2025-08-08 00:00:00,Friday,LOT 2 Value,50.0,10.0,20
2025-08-08 00:00:00,Friday,LOT 3,67.11409395973155,800.0,1192
2025-08-08 00:00:00,Friday,LOT 4 General,45.454545454545446,650.0,1430
2025-08-08 00:00:00,Friday,LOT 4 Premium,94.0,329.0,350
2025-08-08 00:00:00,Friday,LOT 5,54.31184668989547,1247.0,2296
2025-08-08 00:00:00,Friday,LOT 5 Value,65.0,13.0,20
2025-08-08 00:00:00,Friday,LOT 6,56.39491398653702,754.0,1337
2025-08-09 00:00:00,Saturday,LOT 2 General,77.1004942339374,936.0,1214
2025-08-09 00:00:00,Saturday,LOT 2 Premium,75.94202898550725,262.0,345
2025-08-09 00:00:00,Saturday,LOT 2 Value,55.00000000000001,11.0,20
2025-08-09 00:00:00,Saturday,LOT 3,64.59731543624162,770.0,1192
2025-08-09 00:00:00,Saturday,LOT 4 General,38.951048951048946,557.0,1430
2025-08-09 00:00:00,Saturday,LOT 4 Premium,95.14285714285714,333.0,350
2025-08-09 00:00:00,Saturday,LOT 5,54.965156794425084,1262.0,2296
2025-08-09 00:00:00,Saturday,LOT 5 Value,55.00000000000001,11.0,20
2025-08-09 00:00:00,Saturday,LOT 6,54.52505609573672,729.0,1337
2025-08-10 00:00:00,Sunday,LOT 2 General,69.8517298187809,848.0,1214
2025-08-10 00:00:00,Sunday,LOT 2 Premium,81.15942028985508,280.0,345
2025-08-10 00:00:00,Sunday,LOT 2 Value,55.00000000000001,11.0,20
2025-08-10 00:00:00,Sunday,LOT 3,61.241610738255034,730.0,1192
2025-08-10 00:00:00,Sunday,LOT 4 General,35.8041958041958,512.0,1430
2025-08-10 00:00:00,Sunday,LOT 4 Premium,86.0,301.0,350
2025-08-10 00:00:00,Sunday,LOT 5,49.39024390243902,1134.0,2296
2025-08-10 00:00:00,Sunday,LOT 5 Value,80.0,16.0,20
2025-08-10 00:00:00,Sunday,LOT 6,57.21765145848915,765.0,1337
2025-08-11 00:00:00,Monday,LOT 2 General,70.84019769357496,860.0,1214
2025-08-11 00:00:00,Monday,LOT 2 Premium,89.27536231884058,308.0,345
2025-08-11 00:00:00,Monday,LOT 2 Value,50.0,10.0,20
2025-08-11 00:00:00,Monday,LOT 3,54.36241610738255,648.0,1192
2025-08-11 00:00:00,Monday,LOT 4 General,52.72727272727272,754.0,1430
2025-08-11 00:00:00,Monday,LOT 4 Premium,97.42857142857144,341.0,350
2025-08-11 00:00:00,Monday,LOT 5,45.20905923344948,1038.0,2296
2025-08-11 00:00:00,Monday,LOT 5 Value,75.0,15.0,20
2025-08-11 00:00:00,Monday,LOT 6,49.813014210919974,666.0,1337
2025-08-12 00:00:00,Tuesday,LOT 2 General,71.99341021416804,874.0,1214
2025-08-12 00:00:00,Tuesday,LOT 2 Premium,94.49275362318839,326.0,345
2025-08-12 00:00:00,Tuesday,LOT 2 Value,55.00000000000001,11.0,20
2025-08-12 00:00:00,Tuesday,LOT 3,51.174496644295296,610.0,1192
2025-08-12 00:00:00,Tuesday,LOT 4 General,69.0909090909091,988.0,1430
2025-08-12 00:00:00,Tuesday,LOT 4 Premium,94.85714285714286,332.0,350
2025-08-12 00:00:00,Tuesday,LOT 5,44.51219512195122,1022.0,2296
2025-08-12 00:00:00,Tuesday,LOT 5 Value,75.0,15.0,20
2025-08-12 00:00:00,Tuesday,LOT 6,49.43904263275991,661.0,1337
2025-08-13 00:00:00,Wednesday,LOT 2 General,72.32289950576606,878.0,1214
2025-08-13 00:00:00,Wednesday,LOT 2 Premium,87.53623188405797,302.0,345
2025-08-13 00:00:00,Wednesday,LOT 2 Value,50.0,10.0,20
2025-08-13 00:00:00,Wednesday,LOT 3,53.94295302013423,643.0,1192
2025-08-13 00:00:00,Wednesday,LOT 4 General,75.17482517482517,1075.0,1430
2025-08-13 00:00:00,Wednesday,LOT 4 Premium,94.57142857142856,331.0,350
2025-08-13 00:00:00,Wednesday,LOT 5,42.63937282229965,979.0,2296
2025-08-13 00:00:00,Wednesday,LOT 5 Value,95.0,19.0,20
2025-08-13 00:00:00,Wednesday,LOT 6,48.317127898279736,646.0,1337
2025-08-14 00:00:00,Thursday,LOT 2 General,74.46457990115321,904.0,1214
2025-08-14 00:00:00,Thursday,LOT 2 Premium,82.31884057971014,284.0,345
2025-08-14 00:00:00,Thursday,LOT 2 Value,45.0,9.0,20
2025-08-14 00:00:00,Thursday,LOT 3,58.55704697986577,698.0,1192
2025-08-14 00:00:00,Thursday,LOT 4 General,65.17482517482517,932.0,1430
2025-08-14 00:00:00,Thursday,LOT 4 Premium,93.42857142857144,327.0,350
2025-08-14 00:00:00,Thursday,LOT 5,47.256097560975604,1085.0,2296
2025-08-14 00:00:00,Thursday,LOT 5 Value,95.0,19.0,20
2025-08-14 00:00:00,Thursday,LOT 6,52.580403889304414,703.0,1337
2025-08-15 00:00:00,Friday,LOT 2 General,78.08896210873147,948.0,1214
2025-08-15 00:00:00,Friday,LOT 2 Premium,87.53623188405797,302.0,345
2025-08-15 00:00:00,Friday,LOT 2 Value,50.0,10.0,20
2025-08-15 00:00:00,Friday,LOT 3,69.71476510067114,831.0,1192
2025-08-15 00:00:00,Friday,LOT 4 General,49.230769230769226,704.0,1430
2025-08-15 00:00:00,Friday,LOT 4 Premium,94.85714285714286,332.0,350
2025-08-15 00:00:00,Friday,LOT 5,54.6602787456446,1255.0,2296
2025-08-15 00:00:00,Friday,LOT 5 Value,114.99999999999999,23.0,20
2025-08-15 00:00:00,Friday,LOT 6,54.375467464472706,727.0,1337
2025-08-16 00:00:00,Saturday,LOT 2 General,73.72322899505767,895.0,1214
2025-08-16 00:00:00,Saturday,LOT 2 Premium,87.82608695652175,303.0,345
2025-08-16 00:00:00,Saturday,LOT 2 Value,60.0,12.0,20
2025-08-16 00:00:00,Saturday,LOT 3,68.37248322147651,815.0,1192
2025-08-16 00:00:00,Saturday,LOT 4 General,42.30769230769231,605.0,1430
2025-08-16 00:00:00,Saturday,LOT 4 Premium,92.85714285714286,325.0,350
2025-08-16 00:00:00,Saturday,LOT 5,55.008710801393725,1263.0,2296
2025-08-16 00:00:00,Saturday,LOT 5 Value,80.0,16.0,20
2025-08-16 00:00:00,Saturday,LOT 6,55.123410620792825,737.0,1337
2025-08-17 00:00:00,Sunday,LOT 2 General,69.9341021416804,849.0,1214
2025-08-17 00:00:00,Sunday,LOT 2 Premium,73.91304347826086,255.0,345
2025-08-17 00:00:00,Sunday,LOT 2 Value,70.0,14.0,20
2025-08-17 00:00:00,Sunday,LOT 3,58.13758389261745,693.0,1192
2025-08-17 00:00:00,Sunday,LOT 4 General,41.74825174825174,597.0,1430
2025-08-17 00:00:00,Sunday,LOT 4 Premium,93.14285714285714,326.0,350
2025-08-17 00:00:00,Sunday,LOT 5,49.56445993031358,1138.0,2296
2025-08-17 00:00:00,Sunday,LOT 5 Value,50.0,10.0,20
2025-08-17 00:00:00,Sunday,LOT 6,55.94614809274495,748.0,1337
2025-08-18 00:00:00,Monday,LOT 2 General,70.34596375617792,854.0,1214
2025-08-18 00:00:00,Monday,LOT 2 Premium,87.53623188405797,302.0,345
2025-08-18 00:00:00,Monday,LOT 2 Value,35.0,7.0,20
2025-08-18 00:00:00,Monday,LOT 3,52.68456375838926,628.0,1192
2025-08-18 00:00:00,Monday,LOT 4 General,66.64335664335664,953.0,1430
2025-08-18 00:00:00,Monday,LOT 4 Premium,95.71428571428572,335.0,350
2025-08-18 00:00:00,Monday,LOT 5,45.20905923344948,1038.0,2296
2025-08-18 00:00:00,Monday,LOT 5 Value,25.0,5.0,20
2025-08-18 00:00:00,Monday,LOT 6,49.43904263275991,661.0,1337
2025-08-19 00:00:00,Tuesday,LOT 2 General,74.05271828665569,899.0,1214
2025-08-19 00:00:00,Tuesday,LOT 2 Premium,91.59420289855072,316.0,345
2025-08-19 00:00:00,Tuesday,LOT 2 Value,40.0,8.0,20
2025-08-19 00:00:00,Tuesday,LOT 3,49.41275167785235,589.0,1192
2025-08-19 00:00:00,Tuesday,LOT 4 General,85.5944055944056,1224.0,1430
2025-08-19 00:00:00,Tuesday,LOT 4 Premium,94.28571428571428,330.0,350
2025-08-19 00:00:00,Tuesday,LOT 5,40.94076655052265,940.0,2296
2025-08-19 00:00:00,Tuesday,LOT 5 Value,65.0,13.0,20
2025-08-19 00:00:00,Tuesday,LOT 6,49.66342557965594,664.0,1337
2025-08-20 00:00:00,Wednesday,LOT 2 General,75.28830313014826,914.0,1214
2025-08-20 00:00:00,Wednesday,LOT 2 Premium,91.88405797101447,317.0,345
2025-08-20 00:00:00,Wednesday,LOT 2 Value,50.0,10.0,20
2025-08-20 00:00:00,Wednesday,LOT 3,50.58724832214765,603.0,1192
2025-08-20 00:00:00,Wednesday,LOT 4 General,89.16083916083916,1275.0,1430
2025-08-20 00:00:00,Wednesday,LOT 4 Premium,93.71428571428572,328.0,350
2025-08-20 00:00:00,Wednesday,LOT 5,41.85540069686411,961.0,2296
2025-08-20 00:00:00,Wednesday,LOT 5 Value,75.0,15.0,20
2025-08-20 00:00:00,Wednesday,LOT 6,50.26178010471204,672.0,1337
2025-08-21 00:00:00,Thursday,LOT 2 General,77.59472817133442,942.0,1214
2025-08-21 00:00:00,Thursday,LOT 2 Premium,88.1159420289855,304.0,345
2025-08-21 00:00:00,Thursday,LOT 2 Value,70.0,14.0,20
2025-08-21 00:00:00,Thursday,LOT 3,51.42617449664429,613.0,1192
2025-08-21 00:00:00,Thursday,LOT 4 General,78.32167832167832,1120.0,1430
2025-08-21 00:00:00,Thursday,LOT 4 Premium,95.71428571428572,335.0,350
2025-08-21 00:00:00,Thursday,LOT 5,46.03658536585366,1057.0,2296
2025-08-21 00:00:00,Thursday,LOT 5 Value,95.0,19.0,20
2025-08-21 00:00:00,Thursday,LOT 6,51.757666417352276,692.0,1337
2025-08-22 00:00:00,Friday,LOT 2 General,76.11202635914333,924.0,1214
2025-08-22 00:00:00,Friday,LOT 2 Premium,78.55072463768116,271.0,345
2025-08-22 00:00:00,Friday,LOT 2 Value,75.0,15.0,20
2025-08-22 00:00:00,Friday,LOT 3,55.95637583892618,667.0,1192
2025-08-22 00:00:00,Friday,LOT 4 General,58.18181818181818,832.0,1430
2025-08-22 00:00:00,Friday,LOT 4 Premium,95.42857142857144,334.0,350
2025-08-22 00:00:00,Friday,LOT 5,49.56445993031358,1138.0,2296
2025-08-22 00:00:00,Friday,LOT 5 Value,90.0,18.0,20
2025-08-22 00:00:00,Friday,LOT 6,54.973821989528794,735.0,1337
2025-08-23 00:00:00,Saturday,LOT 2 General,77.1004942339374,936.0,1214
2025-08-23 00:00:00,Saturday,LOT 2 Premium,77.39130434782608,267.0,345
2025-08-23 00:00:00,Saturday,LOT 2 Value,110.00000000000001,22.0,20
2025-08-23 00:00:00,Saturday,LOT 3,58.7248322147651,700.0,1192
2025-08-23 00:00:00,Saturday,LOT 4 General,57.97202797202797,829.0,1430
2025-08-23 00:00:00,Saturday,LOT 4 Premium,93.42857142857144,327.0,350
2025-08-23 00:00:00,Saturday,LOT 5,60.58362369337979,1391.0,2296
2025-08-23 00:00:00,Saturday,LOT 5 Value,105.0,21.0,20
2025-08-23 00:00:00,Saturday,LOT 6,69.03515332834704,923.0,1337
2025-08-24 00:00:00,Sunday,LOT 2 General,69.11037891268533,839.0,1214
2025-08-24 00:00:00,Sunday,LOT 2 Premium,69.27536231884058,239.0,345
2025-08-24 00:00:00,Sunday,LOT 2 Value,70.0,14.0,20
2025-08-24 00:00:00,Sunday,LOT 3,53.187919463087255,634.0,1192
2025-08-24 00:00:00,Sunday,LOT 4 General,51.608391608391614,738.0,1430
2025-08-24 00:00:00,Sunday,LOT 4 Premium,88.85714285714286,311.0,350
2025-08-24 00:00:00,Sunday,LOT 5,60.49651567944251,1389.0,2296
2025-08-24 00:00:00,Sunday,LOT 5 Value,85.0,17.0,20
2025-08-24 00:00:00,Sunday,LOT 6,57.29244577412117,766.0,1337
2025-08-25 00:00:00,Monday,LOT 2 General,65.48599670510708,795.0,1214
2025-08-25 00:00:00,Monday,LOT 2 Premium,82.02898550724638,283.0,345
2025-08-25 00:00:00,Monday,LOT 2 Value,70.0,14.0,20
2025-08-25 00:00:00,Monday,LOT 3,43.95973154362416,524.0,1192
2025-08-25 00:00:00,Monday,LOT 4 General,36.08391608391608,516.0,1430
2025-08-25 00:00:00,Monday,LOT 4 Premium,93.71428571428572,328.0,350
2025-08-25 00:00:00,Monday,LOT 5,41.50696864111498,953.0,2296
2025-08-25 00:00:00,Monday,LOT 5 Value,80.0,16.0,20
2025-08-25 00:00:00,Monday,LOT 6,46.37247569184742,620.0,1337
2025-08-26 00:00:00,Tuesday,LOT 2 General,64.2504118616145,780.0,1214
2025-08-26 00:00:00,Tuesday,LOT 2 Premium,90.43478260869564,312.0,345
2025-08-26 00:00:00,Tuesday,LOT 2 Value,75.0,15.0,20
2025-08-26 00:00:00,Tuesday,LOT 3,39.01006711409396,465.0,1192
2025-08-26 00:00:00,Tuesday,LOT 4 General,78.88111888111888,1128.0,1430
2025-08-26 00:00:00,Tuesday,LOT 4 Premium,96.57142857142857,338.0,350
2025-08-26 00:00:00,Tuesday,LOT 5,38.76306620209059,890.0,2296
2025-08-26 00:00:00,Tuesday,LOT 5 Value,85.0,17.0,20
2025-08-26 00:00:00,Tuesday,LOT 6,44.20344053851907,591.0,1337
2025-08-27 00:00:00,Wednesday,LOT 2 General,67.62767710049424,821.0,1214
2025-08-27 00:00:00,Wednesday,LOT 2 Premium,89.85507246376811,310.0,345
2025-08-27 00:00:00,Wednesday,LOT 2 Value,70.0,14.0,20
2025-08-27 00:00:00,Wednesday,LOT 3,43.875838926174495,523.0,1192
2025-08-27 00:00:00,Wednesday,LOT 4 General,78.74125874125875,1126.0,1430
2025-08-27 00:00:00,Wednesday,LOT 4 Premium,96.28571428571428,337.0,350
2025-08-27 00:00:00,Wednesday,LOT 5,46.03658536585366,1057.0,2296
2025-08-27 00:00:00,Wednesday,LOT 5 Value,80.0,16.0,20
2025-08-27 00:00:00,Wednesday,LOT 6,46.67165295437547,624.0,1337
2025-08-28 00:00:00,Thursday,LOT 2 General,69.68698517298188,846.0,1214
2025-08-28 00:00:00,Thursday,LOT 2 Premium,89.27536231884058,308.0,345
2025-08-28 00:00:00,Thursday,LOT 2 Value,90.0,18.0,20
2025-08-28 00:00:00,Thursday,LOT 3,51.51006711409396,614.0,1192
2025-08-28 00:00:00,Thursday,LOT 4 General,68.74125874125873,983.0,1430
2025-08-28 00:00:00,Thursday,LOT 4 Premium,92.0,322.0,350
2025-08-28 00:00:00,Thursday,LOT 5,45.86236933797909,1053.0,2296
2025-08-28 00:00:00,Thursday,LOT 5 Value,70.0,14.0,20
2025-08-28 00:00:00,Thursday,LOT 6,51.00972326103216,682.0,1337
2025-08-29 00:00:00,Friday,LOT 2 General,75.45304777594728,916.0,1214
2025-08-29 00:00:00,Friday,LOT 2 Premium,74.20289855072464,256.0,345
2025-08-29 00:00:00,Friday,LOT 2 Value,90.0,18.0,20
2025-08-29 00:00:00,Friday,LOT 3,72.81879194630872,868.0,1192
2025-08-29 00:00:00,Friday,LOT 4 General,51.608391608391614,738.0,1430
2025-08-29 00:00:00,Friday,LOT 4 Premium,93.71428571428572,328.0,350
2025-08-29 00:00:00,Friday,LOT 5,57.099303135888505,1311.0,2296
2025-08-29 00:00:00,Friday,LOT 5 Value,90.0,18.0,20
2025-08-29 00:00:00,Friday,LOT 6,58.41436050860135,781.0,1337
2025-08-30 00:00:00,Saturday,LOT 2 General,82.04283360790774,996.0,1214
2025-08-30 00:00:00,Saturday,LOT 2 Premium,79.13043478260869,273.0,345
2025-08-30 00:00:00,Saturday,LOT 2 Value,125.0,25.0,20
2025-08-30 00:00:00,Saturday,LOT 3,72.90268456375838,869.0,1192
2025-08-30 00:00:00,Saturday,LOT 4 General,46.64335664335664,667.0,1430
2025-08-30 00:00:00,Saturday,LOT 4 Premium,96.28571428571428,337.0,350
2025-08-30 00:00:00,Saturday,LOT 5,62.7177700348432,1440.0,2296
2025-08-30 00:00:00,Saturday,LOT 5 Value,105.0,21.0,20
2025-08-30 00:00:00,Saturday,LOT 6,60.13462976813763,804.0,1337
2025-08-31 00:00:00,Sunday,LOT 2 General,77.1828665568369,937.0,1214
2025-08-31 00:00:00,Sunday,LOT 2 Premium,71.01449275362319,245.0,345
2025-08-31 00:00:00,Sunday,LOT 2 Value,110.00000000000001,22.0,20
2025-08-31 00:00:00,Sunday,LOT 3,69.5469798657718,829.0,1192
2025-08-31 00:00:00,Sunday,LOT 4 General,39.23076923076923,561.0,1430
2025-08-31 00:00:00,Sunday,LOT 4 Premium,80.0,280.0,350
2025-08-31 00:00:00,Sunday,LOT 5,59.23344947735192,1360.0,2296
2025-08-31 00:00:00,Sunday,LOT 5 Value,90.0,18.0,20
2025-08-31 00:00:00,Sunday,LOT 6,59.461480927449514,795.0,1337
2025-09-01 00:00:00,Monday,LOT 2 General,57.001647446457994,692.0,1214
2025-09-01 00:00:00,Monday,LOT 2 Premium,52.17391304347826,180.0,345
2025-09-01 00:00:00,Monday,LOT 2 Value,80.0,16.0,20
2025-09-01 00:00:00,Monday,LOT 3,53.60738255033557,639.0,1192
2025-09-01 00:00:00,Monday,LOT 4 General,26.43356643356643,378.0,1430
2025-09-01 00:00:00,Monday,LOT 4 Premium,64.85714285714286,227.0,350
2025-09-01 00:00:00,Monday,LOT 5,48.34494773519164,1110.0,2296
2025-09-01 00:00:00,Monday,LOT 5 Value,70.0,14.0,20
2025-09-01 00:00:00,Monday,LOT 6,53.62752430815259,717.0,1337
2025-09-02 00:00:00,Tuesday,LOT 2 General,44.64579901153213,542.0,1214
2025-09-02 00:00:00,Tuesday,LOT 2 Premium,54.492753623188406,188.0,345
2025-09-02 00:00:00,Tuesday,LOT 2 Value,70.0,14.0,20
2025-09-02 00:00:00,Tuesday,LOT 3,41.77852348993288,498.0,1192
2025-09-02 00:00:00,Tuesday,LOT 4 General,38.04195804195804,544.0,1430
2025-09-02 00:00:00,Tuesday,LOT 4 Premium,95.14285714285714,333.0,350
2025-09-02 00:00:00,Tuesday,LOT 5,39.80836236933798,914.0,2296
2025-09-02 00:00:00,Tuesday,LOT 5 Value,45.0,9.0,20
2025-09-02 00:00:00,Tuesday,LOT 6,47.04562453253553,629.0,1337
2025-09-03 00:00:00,Wednesday,LOT 2 General,46.29324546952224,562.0,1214
2025-09-03 00:00:00,Wednesday,LOT 2 Premium,65.79710144927536,227.0,345
2025-09-03 00:00:00,Wednesday,LOT 2 Value,65.0,13.0,20
2025-09-03 00:00:00,Wednesday,LOT 3,39.51342281879195,471.0,1192
2025-09-03 00:00:00,Wednesday,LOT 4 General,57.41258741258741,821.0,1430
2025-09-03 00:00:00,Wednesday,LOT 4 Premium,94.85714285714286,332.0,350
2025-09-03 00:00:00,Wednesday,LOT 5,39.63414634146341,910.0,2296
2025-09-03 00:00:00,Wednesday,LOT 5 Value,90.0,18.0,20
2025-09-03 00:00:00,Wednesday,LOT 6,44.27823485415108,592.0,1337
2025-09-04 00:00:00,Thursday,LOT 2 General,49.588138385502475,602.0,1214
2025-09-04 00:00:00,Thursday,LOT 2 Premium,74.78260869565217,258.0,345
2025-09-04 00:00:00,Thursday,LOT 2 Value,110.00000000000001,22.0,20
2025-09-04 00:00:00,Thursday,LOT 3,60.31879194630873,719.0,1192
2025-09-04 00:00:00,Thursday,LOT 4 General,63.84615384615384,913.0,1430
2025-09-04 00:00:00,Thursday,LOT 4 Premium,96.28571428571428,337.0,350
2025-09-04 00:00:00,Thursday,LOT 5,43.90243902439024,1008.0,2296
2025-09-04 00:00:00,Thursday,LOT 5 Value,70.0,14.0,20
2025-09-04 00:00:00,Thursday,LOT 6,46.2976813762154,619.0,1337
2025-09-05 00:00:00,Friday,LOT 2 General,53.047775947281714,644.0,1214
2025-09-05 00:00:00,Friday,LOT 2 Premium,76.23188405797102,263.0,345
2025-09-05 00:00:00,Friday,LOT 2 Value,95.0,19.0,20
2025-09-05 00:00:00,Friday,LOT 3,66.35906040268456,791.0,1192
2025-09-05 00:00:00,Friday,LOT 4 General,55.38461538461539,792.0,1430
2025-09-05 00:00:00,Friday,LOT 4 Premium,95.42857142857144,334.0,350
2025-09-05 00:00:00,Friday,LOT 5,51.21951219512195,1176.0,2296
2025-09-05 00:00:00,Friday,LOT 5 Value,105.0,21.0,20
2025-09-05 00:00:00,Friday,LOT 6,52.05684367988033,696.0,1337
2025-09-06 00:00:00,Saturday,LOT 2 General,57.90774299835255,703.0,1214
2025-09-06 00:00:00,Saturday,LOT 2 Premium,75.07246376811594,259.0,345
2025-09-06 00:00:00,Saturday,LOT 2 Value,130.0,26.0,20
2025-09-06 00:00:00,Saturday,LOT 3,68.54026845637584,817.0,1192
2025-09-06 00:00:00,Saturday,LOT 4 General,51.18881118881119,732.0,1430
2025-09-06 00:00:00,Saturday,LOT 4 Premium,92.57142857142856,324.0,350
2025-09-06 00:00:00,Saturday,LOT 5,52.04703832752613,1195.0,2296
2025-09-06 00:00:00,Saturday,LOT 5 Value,90.0,18.0,20
2025-09-06 00:00:00,Saturday,LOT 6,53.1039640987285,710.0,1337
2025-09-07 00:00:00,Sunday,LOT 2 General,54.2833607907743,659.0,1214
2025-09-07 00:00:00,Sunday,LOT 2 Premium,73.33333333333333,253.0,345
2025-09-07 00:00:00,Sunday,LOT 2 Value,120.0,24.0,20
2025-09-07 00:00:00,Sunday,LOT 3,63.758389261744966,760.0,1192
2025-09-07 00:00:00,Sunday,LOT 4 General,43.77622377622377,626.0,1430
2025-09-07 00:00:00,Sunday,LOT 4 Premium,91.71428571428571,321.0,350
2025-09-07 00:00:00,Sunday,LOT 5,47.56097560975609,1092.0,2296
2025-09-07 00:00:00,Sunday,LOT 5 Value,75.0,15.0,20
2025-09-07 00:00:00,Sunday,LOT 6,50.934928945400145,681.0,1337
2025-09-08 00:00:00,Monday,LOT 2 General,58.154859967051074,706.0,1214
2025-09-08 00:00:00,Monday,LOT 2 Premium,0.0,284.0,345
2025-09-08 00:00:00,Monday,LOT 2 Value,80.0,16.0,20
2025-09-08 00:00:00,Monday,LOT 3,56.79530201342282,677.0,1192
2025-09-08 00:00:00,Monday,LOT 4 General,65.31468531468532,934.0,1430
2025-09-08 00:00:00,Monday,LOT 4 Premium,96.0,336.0,350
2025-09-08 00:00:00,Monday,LOT 5,42.81358885017421,983.0,2296
2025-09-08 00:00:00,Monday,LOT 5 Value,95.0,19.0,20
2025-09-08 00:00:00,Monday,LOT 6,48.39192221391174,647.0,1337
2025-09-09 00:00:00,Tuesday,LOT 2 General,59.80230642504119,726.0,1214
2025-09-09 00:00:00,Tuesday,LOT 2 Premium,90.72463768115944,313.0,345
2025-09-09 00:00:00,Tuesday,LOT 2 Value,100.0,20.0,20
2025-09-09 00:00:00,Tuesday,LOT 3,56.04026845637584,668.0,1192
2025-09-09 00:00:00,Tuesday,LOT 4 General,81.81818181818183,1170.0,1430
2025-09-09 00:00:00,Tuesday,LOT 4 Premium,93.71428571428572,328.0,350
2025-09-09 00:00:00,Tuesday,LOT 5,40.37456445993031,927.0,2296
2025-09-09 00:00:00,Tuesday,LOT 5 Value,110.00000000000001,22.0,20
2025-09-09 00:00:00,Tuesday,LOT 6,48.99027673896783,655.0,1337
2025-09-10 00:00:00,Wednesday,LOT 2 General,65.48599670510708,795.0,1214
2025-09-10 00:00:00,Wednesday,LOT 2 Premium,91.0144927536232,314.0,345
2025-09-10 00:00:00,Wednesday,LOT 2 Value,85.0,17.0,20
2025-09-10 00:00:00,Wednesday,LOT 3,58.808724832214764,701.0,1192
2025-09-10 00:00:00,Wednesday,LOT 4 General,86.92307692307692,1243.0,1430
2025-09-10 00:00:00,Wednesday,LOT 4 Premium,96.0,336.0,350
2025-09-10 00:00:00,Wednesday,LOT 5,44.72996515679442,1027.0,2296
2025-09-10 00:00:00,Wednesday,LOT 5 Value,65.0,13.0,20
2025-09-10 00:00:00,Wednesday,LOT 6,51.30890052356021,686.0,1337
2025-09-11 00:00:00,Thursday,LOT 2 General,62.7677100494234,762.0,1214
2025-09-11 00:00:00,Thursday,LOT 2 Premium,81.44927536231884,281.0,345
2025-09-11 00:00:00,Thursday,LOT 2 Value,114.99999999999999,23.0,20
2025-09-11 00:00:00,Thursday,LOT 3,66.69463087248322,795.0,1192
2025-09-11 00:00:00,Thursday,LOT 4 General,76.85314685314685,1099.0,1430
2025-09-11 00:00:00,Thursday,LOT 4 Premium,96.0,336.0,350
2025-09-11 00:00:00,Thursday,LOT 5,50.174216027874564,1152.0,2296
2025-09-11 00:00:00,Thursday,LOT 5 Value,75.0,15.0,20
2025-09-11 00:00:00,Thursday,LOT 6,53.1787584143605,711.0,1337
2025-09-12 00:00:00,Friday,LOT 2 General,66.63920922570017,809.0,1214
2025-09-12 00:00:00,Friday,LOT 2 Premium,94.78260869565216,327.0,345
2025-09-12 00:00:00,Friday,LOT 2 Value,150.0,30.0,20
2025-09-12 00:00:00,Friday,LOT 3,69.96644295302013,834.0,1192
2025-09-12 00:00:00,Friday,LOT 4 General,63.77622377622377,912.0,1430
2025-09-12 00:00:00,Friday,LOT 4 Premium,96.28571428571428,337.0,350
2025-09-12 00:00:00,Friday,LOT 5,58.01393728222997,1332.0,2296
2025-09-12 00:00:00,Friday,LOT 5 Value,114.99999999999999,23.0,20
2025-09-12 00:00:00,Friday,LOT 6,59.910246821241586,801.0,1337
2025-09-13 00:00:00,Saturday,LOT 2 General,63.59143327841845,772.0,1214
2025-09-13 00:00:00,Saturday,LOT 2 Premium,82.6086956521739,285.0,345
2025-09-13 00:00:00,Saturday,LOT 2 Value,160.0,32.0,20
2025-09-13 00:00:00,Saturday,LOT 3,74.32885906040269,886.0,1192
2025-09-13 00:00:00,Saturday,LOT 4 General,56.15384615384615,803.0,1430
2025-09-13 00:00:00,Saturday,LOT 4 Premium,94.85714285714286,332.0,350
2025-09-13 00:00:00,Saturday,LOT 5,58.92857142857143,1353.0,2296
2025-09-13 00:00:00,Saturday,LOT 5 Value,140.0,28.0,20
2025-09-13 00:00:00,Saturday,LOT 6,57.89080029917726,774.0,1337
2025-09-14 00:00:00,Sunday,LOT 2 General,60.0494233937397,729.0,1214
2025-09-14 00:00:00,Sunday,LOT 2 Premium,74.78260869565217,258.0,345
2025-09-14 00:00:00,Sunday,LOT 2 Value,135.0,27.0,20
2025-09-14 00:00:00,Sunday,LOT 3,67.36577181208054,803.0,1192
2025-09-14 00:00:00,Sunday,LOT 4 General,52.23776223776224,747.0,1430
2025-09-14 00:00:00,Sunday,LOT 4 Premium,91.71428571428571,321.0,350
2025-09-14 00:00:00,Sunday,LOT 5,55.444250871080136,1273.0,2296
2025-09-14 00:00:00,Sunday,LOT 5 Value,120.0,24.0,20
2025-09-14 00:00:00,Sunday,LOT 6,54.599850411368735,730.0,1337
2025-09-15 00:00:00,Monday,LOT 2 General,63.59143327841845,772.0,1214
2025-09-15 00:00:00,Monday,LOT 2 Premium,85.21739130434783,294.0,345
2025-09-15 00:00:00,Monday,LOT 2 Value,45.0,9.0,20
2025-09-15 00:00:00,Monday,LOT 3,60.738255033557046,724.0,1192
2025-09-15 00:00:00,Monday,LOT 4 General,72.09790209790211,1031.0,1430
2025-09-15 00:00:00,Monday,LOT 4 Premium,95.71428571428572,335.0,350
2025-09-15 00:00:00,Monday,LOT 5,47.82229965156794,1098.0,2296
2025-09-15 00:00:00,Monday,LOT 5 Value,80.0,16.0,20
2025-09-15 00:00:00,Monday,LOT 6,49.36424831712789,660.0,1337
2025-09-16 00:00:00,Tuesday,LOT 2 General,65.15650741350906,791.0,1214
2025-09-16 00:00:00,Tuesday,LOT 2 Premium,91.59420289855072,316.0,345
2025-09-16 00:00:00,Tuesday,LOT 2 Value,50.0,10.0,20
2025-09-16 00:00:00,Tuesday,LOT 3,58.55704697986577,698.0,1192
2025-09-16 00:00:00,Tuesday,LOT 4 General,85.45454545454545,1222.0,1430
2025-09-16 00:00:00,Tuesday,LOT 4 Premium,94.0,329.0,350
2025-09-16 00:00:00,Tuesday,LOT 5,45.68815331010453,1049.0,2296
2025-09-16 00:00:00,Tuesday,LOT 5 Value,90.0,18.0,20
2025-09-16 00:00:00,Tuesday,LOT 6,47.4943904263276,635.0,1337
2025-09-17 00:00:00,Wednesday,LOT 2 General,63.26194398682043,768.0,1214
2025-09-17 00:00:00,Wednesday,LOT 2 Premium,90.43478260869564,312.0,345
2025-09-17 00:00:00,Wednesday,LOT 2 Value,50.0,10.0,20
2025-09-17 00:00:00,Wednesday,LOT 3,61.66107382550335,735.0,1192
2025-09-17 00:00:00,Wednesday,LOT 4 General,86.2937062937063,1234.0,1430
2025-09-17 00:00:00,Wednesday,LOT 4 Premium,95.14285714285714,333.0,350
2025-09-17 00:00:00,Wednesday,LOT 5,45.47038327526132,1044.0,2296
2025-09-17 00:00:00,Wednesday,LOT 5 Value,80.0,16.0,20
2025-09-17 00:00:00,Wednesday,LOT 6,47.419596110695586,634.0,1337
2025-09-18 00:00:00,Thursday,LOT 2 General,64.99176276771004,789.0,1214
2025-09-18 00:00:00,Thursday,LOT 2 Premium,90.72463768115944,313.0,345
2025-09-18 00:00:00,Thursday,LOT 2 Value,100.0,20.0,20
2025-09-18 00:00:00,Thursday,LOT 3,66.94630872483222,798.0,1192
2025-09-18 00:00:00,Thursday,LOT 4 General,81.74825174825175,1169.0,1430
2025-09-18 00:00:00,Thursday,LOT 4 Premium,96.57142857142857,338.0,350
2025-09-18 00:00:00,Thursday,LOT 5,51.437282229965156,1181.0,2296
2025-09-18 00:00:00,Thursday,LOT 5 Value,110.00000000000001,22.0,20
2025-09-18 00:00:00,Thursday,LOT 6,52.580403889304414,703.0,1337
2025-09-19 00:00:00,Friday,LOT 2 General,66.30971993410213,805.0,1214
2025-09-19 00:00:00,Friday,LOT 2 Premium,83.76811594202898,289.0,345
2025-09-19 00:00:00,Friday,LOT 2 Value,110.00000000000001,22.0,20
2025-09-19 00:00:00,Friday,LOT 3,71.72818791946308,855.0,1192
2025-09-19 00:00:00,Friday,LOT 4 General,63.63636363636363,910.0,1430
2025-09-19 00:00:00,Friday,LOT 4 Premium,94.0,329.0,350
2025-09-19 00:00:00,Friday,LOT 5,57.3170731707317,1316.0,2296
2025-09-19 00:00:00,Friday,LOT 5 Value,135.0,27.0,20
2025-09-19 00:00:00,Friday,LOT 6,56.91847419596111,761.0,1337
2025-09-20 00:00:00,Saturday,LOT 2 General,66.96869851729818,813.0,1214
2025-09-20 00:00:00,Saturday,LOT 2 Premium,87.53623188405797,302.0,345
2025-09-20 00:00:00,Saturday,LOT 2 Value,140.0,28.0,20
2025-09-20 00:00:00,Saturday,LOT 3,76.00671140939598,906.0,1192
2025-09-20 00:00:00,Saturday,LOT 4 General,56.71328671328671,811.0,1430
2025-09-20 00:00:00,Saturday,LOT 4 Premium,95.42857142857144,334.0,350
2025-09-20 00:00:00,Saturday,LOT 5,60.36585365853659,1386.0,2296
2025-09-20 00:00:00,Saturday,LOT 5 Value,114.99999999999999,23.0,20
2025-09-20 00:00:00,Saturday,LOT 6,56.99326851159312,762.0,1337
2025-09-21 00:00:00,Sunday,LOT 2 General,60.70840197693575,737.0,1214
2025-09-21 00:00:00,Sunday,LOT 2 Premium,78.55072463768116,271.0,345
2025-09-21 00:00:00,Sunday,LOT 2 Value,120.0,24.0,20
2025-09-21 00:00:00,Sunday,LOT 3,65.85570469798657,785.0,1192
2025-09-21 00:00:00,Sunday,LOT 4 General,52.09790209790209,745.0,1430
2025-09-21 00:00:00,Sunday,LOT 4 Premium,87.14285714285714,305.0,350
2025-09-21 00:00:00,Sunday,LOT 5,54.92160278745645,1261.0,2296
2025-09-21 00:00:00,Sunday,LOT 5 Value,90.0,18.0,20
2025-09-21 00:00:00,Sunday,LOT 6,54.07629020194465,723.0,1337
2025-09-22 00:00:00,Monday,LOT 2 General,59.555189456342674,723.0,1214
2025-09-22 00:00:00,Monday,LOT 2 Premium,87.53623188405797,302.0,345
2025-09-22 00:00:00,Monday,LOT 2 Value,85.0,17.0,20
2025-09-22 00:00:00,Monday,LOT 3,55.70469798657718,664.0,1192
2025-09-22 00:00:00,Monday,LOT 4 General,65.45454545454545,936.0,1430
2025-09-22 00:00:00,Monday,LOT 4 Premium,96.0,336.0,350
2025-09-22 00:00:00,Monday,LOT 5,46.68989547038327,1072.0,2296
2025-09-22 00:00:00,Monday,LOT 5 Value,65.0,13.0,20
2025-09-22 00:00:00,Monday,LOT 6,49.21465968586387,658.0,1337
2025-09-23 00:00:00,Tuesday,LOT 2 General,61.61449752883031,748.0,1214
2025-09-23 00:00:00,Tuesday,LOT 2 Premium,89.85507246376811,310.0,345
2025-09-23 00:00:00,Tuesday,LOT 2 Value,70.0,14.0,20
2025-09-23 00:00:00,Tuesday,LOT 3,52.51677852348994,626.0,1192
2025-09-23 00:00:00,Tuesday,LOT 4 General,78.11188811188812,1117.0,1430
2025-09-23 00:00:00,Tuesday,LOT 4 Premium,95.71428571428572,335.0,350
2025-09-23 00:00:00,Tuesday,LOT 5,44.33797909407665,1018.0,2296
2025-09-23 00:00:00,Tuesday,LOT 5 Value,85.0,17.0,20
2025-09-23 00:00:00,Tuesday,LOT 6,46.67165295437547,624.0,1337
2025-09-24 00:00:00,Wednesday,LOT 2 General,64.82701812191104,787.0,1214
2025-09-24 00:00:00,Wednesday,LOT 2 Premium,92.17391304347827,318.0,345
2025-09-24 00:00:00,Wednesday,LOT 2 Value,80.0,16.0,20
2025-09-24 00:00:00,Wednesday,LOT 3,59.47986577181208,709.0,1192
2025-09-24 00:00:00,Wednesday,LOT 4 General,82.0979020979021,1174.0,1430
2025-09-24 00:00:00,Wednesday,LOT 4 Premium,96.85714285714285,339.0,350
2025-09-24 00:00:00,Wednesday,LOT 5,46.2979094076655,1063.0,2296
2025-09-24 00:00:00,Wednesday,LOT 5 Value,105.0,21.0,20
2025-09-24 00:00:00,Wednesday,LOT 6,53.777112939416604,719.0,1337
2025-09-25 00:00:00,Thursday,LOT 2 General,60.378912685337724,733.0,1214
2025-09-25 00:00:00,Thursday,LOT 2 Premium,90.72463768115944,313.0,345
2025-09-25 00:00:00,Thursday,LOT 2 Value,85.0,17.0,20
2025-09-25 00:00:00,Thursday,LOT 3,69.88255033557047,833.0,1192
2025-09-25 00:00:00,Thursday,LOT 4 General,80.48951048951048,1151.0,1430
2025-09-25 00:00:00,Thursday,LOT 4 Premium,96.0,336.0,350
2025-09-25 00:00:00,Thursday,LOT 5,51.91637630662021,1192.0,2296
2025-09-25 00:00:00,Thursday,LOT 5 Value,120.0,24.0,20
2025-09-25 00:00:00,Thursday,LOT 6,57.442034405385186,768.0,1337
2025-09-26 00:00:00,Friday,LOT 2 General,63.59143327841845,772.0,1214
2025-09-26 00:00:00,Friday,LOT 2 Premium,93.04347826086956,321.0,345
2025-09-26 00:00:00,Friday,LOT 2 Value,135.0,27.0,20
2025-09-26 00:00:00,Friday,LOT 3,78.10402684563759,931.0,1192
2025-09-26 00:00:00,Friday,LOT 4 General,67.76223776223776,969.0,1430
2025-09-26 00:00:00,Friday,LOT 4 Premium,93.14285714285714,326.0,350
2025-09-26 00:00:00,Friday,LOT 5,61.71602787456446,1417.0,2296
2025-09-26 00:00:00,Friday,LOT 5 Value,114.99999999999999,23.0,20
2025-09-26 00:00:00,Friday,LOT 6,62.602842183994014,837.0,1337
2025-09-27 00:00:00,Saturday,LOT 2 General,66.55683690280065,808.0,1214
2025-09-27 00:00:00,Saturday,LOT 2 Premium,92.46376811594203,319.0,345
2025-09-27 00:00:00,Saturday,LOT 2 Value,155.0,31.0,20
2025-09-27 00:00:00,Saturday,LOT 3,79.78187919463086,951.0,1192
2025-09-27 00:00:00,Saturday,LOT 4 General,57.27272727272727,819.0,1430
2025-09-27 00:00:00,Saturday,LOT 4 Premium,95.42857142857144,334.0,350
2025-09-27 00:00:00,Saturday,LOT 5,65.37456445993031,1501.0,2296
2025-09-27 00:00:00,Saturday,LOT 5 Value,105.0,21.0,20
2025-09-27 00:00:00,Saturday,LOT 6,62.004487658937926,829.0,1337
2025-09-28 00:00:00,Sunday,LOT 2 General,61.03789126853377,741.0,1214
2025-09-28 00:00:00,Sunday,LOT 2 Premium,79.42028985507247,274.0,345
2025-09-28 00:00:00,Sunday,LOT 2 Value,100.0,20.0,20
2025-09-28 00:00:00,Sunday,LOT 3,70.63758389261746,842.0,1192
2025-09-28 00:00:00,Sunday,LOT 4 General,53.84615384615385,770.0,1430
2025-09-28 00:00:00,Sunday,LOT 4 Premium,92.57142857142856,324.0,350
2025-09-28 00:00:00,Sunday,LOT 5,58.10104529616724,1334.0,2296
2025-09-28 00:00:00,Sunday,LOT 5 Value,80.0,16.0,20
2025-09-28 00:00:00,Sunday,LOT 6,54.89902767389678,734.0,1337
2025-09-29 00:00:00,Monday,LOT 2 General,53.62438220757826,651.0,1214
2025-09-29 00:00:00,Monday,LOT 2 Premium,95.36231884057972,329.0,345
2025-09-29 00:00:00,Monday,LOT 2 Value,30.0,6.0,20
2025-09-29 00:00:00,Monday,LOT 3,55.28523489932886,659.0,1192
2025-09-29 00:00:00,Monday,LOT 4 General,67.6923076923077,968.0,1430
2025-09-29 00:00:00,Monday,LOT 4 Premium,95.71428571428572,335.0,350
2025-09-29 00:00:00,Monday,LOT 5,47.08188153310104,1081.0,2296
2025-09-29 00:00:00,Monday,LOT 5 Value,90.0,18.0,20
2025-09-29 00:00:00,Monday,LOT 6,51.00972326103216,682.0,1337
2025-09-30 00:00:00,Tuesday,LOT 2 General,54.36573311367381,660.0,1214
2025-09-30 00:00:00,Tuesday,LOT 2 Premium,93.91304347826089,324.0,345
2025-09-30 00:00:00,Tuesday,LOT 2 Value,25.0,5.0,20
2025-09-30 00:00:00,Tuesday,LOT 3,52.18120805369127,622.0,1192
2025-09-30 00:00:00,Tuesday,LOT 4 General,80.34965034965035,1149.0,1430
2025-09-30 00:00:00,Tuesday,LOT 4 Premium,93.14285714285714,326.0,350
2025-09-30 00:00:00,Tuesday,LOT 5,39.45993031358885,906.0,2296
2025-09-30 00:00:00,Tuesday,LOT 5 Value,105.0,21.0,20
2025-09-30 00:00:00,Tuesday,LOT 6,47.643979057591615,637.0,1337
